# boxing_ring - generated by tools/export_models.py
# 1268 vertices, 1690 triangles
mtllib boxing_ring.mtl
o boxing_ring
v -5.35000 0.95000 -5.35000
v -2.67500 0.95000 -5.35000
v -2.67500 1.05000 -5.35000
v -5.35000 1.05000 -5.35000
v -5.35000 0.95000 -2.67500
v -2.67500 0.95000 -2.67500
v -2.67500 1.05000 -2.67500
v -5.35000 1.05000 -2.67500
v -5.35000 0.95000 -2.67500
v -2.67500 0.95000 -2.67500
v -2.67500 1.05000 -2.67500
v -5.35000 1.05000 -2.67500
v -5.35000 0.95000 0.00000
v -2.67500 0.95000 0.00000
v -2.67500 1.05000 0.00000
v -5.35000 1.05000 0.00000
v -5.35000 0.95000 0.00000
v -2.67500 0.95000 0.00000
v -2.67500 1.05000 0.00000
v -5.35000 1.05000 0.00000
v -5.35000 0.95000 2.67500
v -2.67500 0.95000 2.67500
v -2.67500 1.05000 2.67500
v -5.35000 1.05000 2.67500
v -5.35000 0.95000 2.67500
v -2.67500 0.95000 2.67500
v -2.67500 1.05000 2.67500
v -5.35000 1.05000 2.67500
v -5.35000 0.95000 5.35000
v -2.67500 0.95000 5.35000
v -2.67500 1.05000 5.35000
v -5.35000 1.05000 5.35000
v -2.67500 0.95000 -5.35000
v 0.00000 0.95000 -5.35000
v 0.00000 1.05000 -5.35000
v -2.67500 1.05000 -5.35000
v -2.67500 0.95000 -2.67500
v 0.00000 0.95000 -2.67500
v 0.00000 1.05000 -2.67500
v -2.67500 1.05000 -2.67500
v -2.67500 0.95000 -2.67500
v 0.00000 0.95000 -2.67500
v 0.00000 1.05000 -2.67500
v -2.67500 1.05000 -2.67500
v -2.67500 0.95000 0.00000
v 0.00000 0.95000 0.00000
v 0.00000 1.05000 0.00000
v -2.67500 1.05000 0.00000
v -2.67500 0.95000 0.00000
v 0.00000 0.95000 0.00000
v 0.00000 1.05000 0.00000
v -2.67500 1.05000 0.00000
v -2.67500 0.95000 2.67500
v 0.00000 0.95000 2.67500
v 0.00000 1.05000 2.67500
v -2.67500 1.05000 2.67500
v -2.67500 0.95000 2.67500
v 0.00000 0.95000 2.67500
v 0.00000 1.05000 2.67500
v -2.67500 1.05000 2.67500
v -2.67500 0.95000 5.35000
v 0.00000 0.95000 5.35000
v 0.00000 1.05000 5.35000
v -2.67500 1.05000 5.35000
v 0.00000 0.95000 -5.35000
v 2.67500 0.95000 -5.35000
v 2.67500 1.05000 -5.35000
v 0.00000 1.05000 -5.35000
v 0.00000 0.95000 -2.67500
v 2.67500 0.95000 -2.67500
v 2.67500 1.05000 -2.67500
v 0.00000 1.05000 -2.67500
v 0.00000 0.95000 -2.67500
v 2.67500 0.95000 -2.67500
v 2.67500 1.05000 -2.67500
v 0.00000 1.05000 -2.67500
v 0.00000 0.95000 0.00000
v 2.67500 0.95000 0.00000
v 2.67500 1.05000 0.00000
v 0.00000 1.05000 0.00000
v 0.00000 0.95000 0.00000
v 2.67500 0.95000 0.00000
v 2.67500 1.05000 0.00000
v 0.00000 1.05000 0.00000
v 0.00000 0.95000 2.67500
v 2.67500 0.95000 2.67500
v 2.67500 1.05000 2.67500
v 0.00000 1.05000 2.67500
v 0.00000 0.95000 2.67500
v 2.67500 0.95000 2.67500
v 2.67500 1.05000 2.67500
v 0.00000 1.05000 2.67500
v 0.00000 0.95000 5.35000
v 2.67500 0.95000 5.35000
v 2.67500 1.05000 5.35000
v 0.00000 1.05000 5.35000
v 2.67500 0.95000 -5.35000
v 5.35000 0.95000 -5.35000
v 5.35000 1.05000 -5.35000
v 2.67500 1.05000 -5.35000
v 2.67500 0.95000 -2.67500
v 5.35000 0.95000 -2.67500
v 5.35000 1.05000 -2.67500
v 2.67500 1.05000 -2.67500
v 2.67500 0.95000 -2.67500
v 5.35000 0.95000 -2.67500
v 5.35000 1.05000 -2.67500
v 2.67500 1.05000 -2.67500
v 2.67500 0.95000 0.00000
v 5.35000 0.95000 0.00000
v 5.35000 1.05000 0.00000
v 2.67500 1.05000 0.00000
v 2.67500 0.95000 0.00000
v 5.35000 0.95000 0.00000
v 5.35000 1.05000 0.00000
v 2.67500 1.05000 0.00000
v 2.67500 0.95000 2.67500
v 5.35000 0.95000 2.67500
v 5.35000 1.05000 2.67500
v 2.67500 1.05000 2.67500
v 2.67500 0.95000 2.67500
v 5.35000 0.95000 2.67500
v 5.35000 1.05000 2.67500
v 2.67500 1.05000 2.67500
v 2.67500 0.95000 5.35000
v 5.35000 0.95000 5.35000
v 5.35000 1.05000 5.35000
v 2.67500 1.05000 5.35000
v 5.33000 0.82500 -5.40000
v 5.43000 0.82500 -5.40000
v 5.43000 0.95500 -5.40000
v 5.33000 0.95500 -5.40000
v 5.33000 0.82500 5.40000
v 5.43000 0.82500 5.40000
v 5.43000 0.95500 5.40000
v 5.33000 0.95500 5.40000
v 5.32000 0.00000 -5.36000
v 5.38000 0.00000 -5.36000
v 5.38000 0.83000 -5.36000
v 5.32000 0.83000 -5.36000
v 5.32000 0.00000 5.36000
v 5.38000 0.00000 5.36000
v 5.38000 0.83000 5.36000
v 5.32000 0.83000 5.36000
v 5.30000 0.00000 -5.45000
v 5.50000 0.00000 -5.45000
v 5.50000 0.12000 -5.45000
v 5.30000 0.12000 -5.45000
v 5.30000 0.00000 5.45000
v 5.50000 0.00000 5.45000
v 5.50000 0.12000 5.45000
v 5.30000 0.12000 5.45000
v -5.43000 0.82500 -5.40000
v -5.33000 0.82500 -5.40000
v -5.33000 0.95500 -5.40000
v -5.43000 0.95500 -5.40000
v -5.43000 0.82500 5.40000
v -5.33000 0.82500 5.40000
v -5.33000 0.95500 5.40000
v -5.43000 0.95500 5.40000
v -5.38000 0.00000 -5.36000
v -5.32000 0.00000 -5.36000
v -5.32000 0.83000 -5.36000
v -5.38000 0.83000 -5.36000
v -5.38000 0.00000 5.36000
v -5.32000 0.00000 5.36000
v -5.32000 0.83000 5.36000
v -5.38000 0.83000 5.36000
v -5.50000 0.00000 -5.45000
v -5.30000 0.00000 -5.45000
v -5.30000 0.12000 -5.45000
v -5.50000 0.12000 -5.45000
v -5.50000 0.00000 5.45000
v -5.30000 0.00000 5.45000
v -5.30000 0.12000 5.45000
v -5.50000 0.12000 5.45000
v -5.40000 0.82500 5.33000
v 5.40000 0.82500 5.33000
v 5.40000 0.95500 5.33000
v -5.40000 0.95500 5.33000
v -5.40000 0.82500 5.43000
v 5.40000 0.82500 5.43000
v 5.40000 0.95500 5.43000
v -5.40000 0.95500 5.43000
v -5.36000 0.00000 5.32000
v 5.36000 0.00000 5.32000
v 5.36000 0.83000 5.32000
v -5.36000 0.83000 5.32000
v -5.36000 0.00000 5.38000
v 5.36000 0.00000 5.38000
v 5.36000 0.83000 5.38000
v -5.36000 0.83000 5.38000
v -5.45000 0.00000 5.30000
v 5.45000 0.00000 5.30000
v 5.45000 0.12000 5.30000
v -5.45000 0.12000 5.30000
v -5.45000 0.00000 5.50000
v 5.45000 0.00000 5.50000
v 5.45000 0.12000 5.50000
v -5.45000 0.12000 5.50000
v -5.40000 0.82500 -5.43000
v 5.40000 0.82500 -5.43000
v 5.40000 0.95500 -5.43000
v -5.40000 0.95500 -5.43000
v -5.40000 0.82500 -5.33000
v 5.40000 0.82500 -5.33000
v 5.40000 0.95500 -5.33000
v -5.40000 0.95500 -5.33000
v -5.36000 0.00000 -5.38000
v 5.36000 0.00000 -5.38000
v 5.36000 0.83000 -5.38000
v -5.36000 0.83000 -5.38000
v -5.36000 0.00000 -5.32000
v 5.36000 0.00000 -5.32000
v 5.36000 0.83000 -5.32000
v -5.36000 0.83000 -5.32000
v -5.45000 0.00000 -5.50000
v 5.45000 0.00000 -5.50000
v 5.45000 0.12000 -5.50000
v -5.45000 0.12000 -5.50000
v -5.45000 0.00000 -5.30000
v 5.45000 0.00000 -5.30000
v 5.45000 0.12000 -5.30000
v -5.45000 0.12000 -5.30000
v 0.00000 1.05200 0.00000
v 1.85000 1.05200 0.00000
v 1.79624 1.05200 0.44273
v 1.63809 1.05200 0.85974
v 1.38474 1.05200 1.22678
v 1.05092 1.05200 1.52252
v 0.65602 1.05200 1.72978
v 0.22299 1.05200 1.83651
v -0.22299 1.05200 1.83651
v -0.65602 1.05200 1.72978
v -1.05092 1.05200 1.52252
v -1.38474 1.05200 1.22678
v -1.63809 1.05200 0.85974
v -1.79624 1.05200 0.44273
v -1.85000 1.05200 -0.00000
v -1.79624 1.05200 -0.44273
v -1.63809 1.05200 -0.85974
v -1.38474 1.05200 -1.22678
v -1.05092 1.05200 -1.52252
v -0.65602 1.05200 -1.72978
v -0.22299 1.05200 -1.83651
v 0.22299 1.05200 -1.83651
v 0.65602 1.05200 -1.72978
v 1.05092 1.05200 -1.52252
v 1.38474 1.05200 -1.22678
v 1.63809 1.05200 -0.85974
v 1.79624 1.05200 -0.44273
v 1.85000 1.05200 0.00000
v -4.48500 1.05000 -4.60000
v -4.50696 1.05000 -4.53240
v -4.56446 1.05000 -4.49063
v -4.63554 1.05000 -4.49063
v -4.69304 1.05000 -4.53240
v -4.71500 1.05000 -4.60000
v -4.69304 1.05000 -4.66760
v -4.63554 1.05000 -4.70937
v -4.56446 1.05000 -4.70937
v -4.50696 1.05000 -4.66760
v -4.48500 3.60000 -4.60000
v -4.50696 3.60000 -4.53240
v -4.56446 3.60000 -4.49063
v -4.63554 3.60000 -4.49063
v -4.69304 3.60000 -4.53240
v -4.71500 3.60000 -4.60000
v -4.69304 3.60000 -4.66760
v -4.63554 3.60000 -4.70937
v -4.56446 3.60000 -4.70937
v -4.50696 3.60000 -4.66760
v -4.60000 1.05000 -4.60000
v -4.60000 3.60000 -4.60000
v -4.42500 1.35000 -4.60000
v -4.45842 1.35000 -4.49714
v -4.54592 1.35000 -4.43357
v -4.65408 1.35000 -4.43357
v -4.74158 1.35000 -4.49714
v -4.77500 1.35000 -4.60000
v -4.74158 1.35000 -4.70286
v -4.65408 1.35000 -4.76643
v -4.54592 1.35000 -4.76643
v -4.45842 1.35000 -4.70286
v -4.42500 2.97000 -4.60000
v -4.45842 2.97000 -4.49714
v -4.54592 2.97000 -4.43357
v -4.65408 2.97000 -4.43357
v -4.74158 2.97000 -4.49714
v -4.77500 2.97000 -4.60000
v -4.74158 2.97000 -4.70286
v -4.65408 2.97000 -4.76643
v -4.54592 2.97000 -4.76643
v -4.45842 2.97000 -4.70286
v -4.60000 1.35000 -4.60000
v -4.60000 2.97000 -4.60000
v -4.60000 3.73500 -4.60000
v -4.52065 3.70922 -4.60000
v -4.53580 3.70922 -4.55336
v -4.57548 3.70922 -4.52453
v -4.62452 3.70922 -4.52453
v -4.66420 3.70922 -4.55336
v -4.67935 3.70922 -4.60000
v -4.66420 3.70922 -4.64664
v -4.62452 3.70922 -4.67547
v -4.57548 3.70922 -4.67547
v -4.53580 3.70922 -4.64664
v -4.47161 3.64172 -4.60000
v -4.49613 3.64172 -4.52453
v -4.56032 3.64172 -4.47789
v -4.63968 3.64172 -4.47789
v -4.70387 3.64172 -4.52453
v -4.72839 3.64172 -4.60000
v -4.70387 3.64172 -4.67547
v -4.63968 3.64172 -4.72211
v -4.56032 3.64172 -4.72211
v -4.49613 3.64172 -4.67547
v -4.47161 3.55828 -4.60000
v -4.49613 3.55828 -4.52453
v -4.56032 3.55828 -4.47789
v -4.63968 3.55828 -4.47789
v -4.70387 3.55828 -4.52453
v -4.72839 3.55828 -4.60000
v -4.70387 3.55828 -4.67547
v -4.63968 3.55828 -4.72211
v -4.56032 3.55828 -4.72211
v -4.49613 3.55828 -4.67547
v -4.52065 3.49078 -4.60000
v -4.53580 3.49078 -4.55336
v -4.57548 3.49078 -4.52453
v -4.62452 3.49078 -4.52453
v -4.66420 3.49078 -4.55336
v -4.67935 3.49078 -4.60000
v -4.66420 3.49078 -4.64664
v -4.62452 3.49078 -4.67547
v -4.57548 3.49078 -4.67547
v -4.53580 3.49078 -4.64664
v -4.60000 3.46500 -4.60000
v -4.78000 1.05000 -4.78000
v -4.42000 1.05000 -4.78000
v -4.42000 1.14000 -4.78000
v -4.78000 1.14000 -4.78000
v -4.78000 1.05000 -4.42000
v -4.42000 1.05000 -4.42000
v -4.42000 1.14000 -4.42000
v -4.78000 1.14000 -4.42000
v 4.71500 1.05000 -4.60000
v 4.69304 1.05000 -4.53240
v 4.63554 1.05000 -4.49063
v 4.56446 1.05000 -4.49063
v 4.50696 1.05000 -4.53240
v 4.48500 1.05000 -4.60000
v 4.50696 1.05000 -4.66760
v 4.56446 1.05000 -4.70937
v 4.63554 1.05000 -4.70937
v 4.69304 1.05000 -4.66760
v 4.71500 3.60000 -4.60000
v 4.69304 3.60000 -4.53240
v 4.63554 3.60000 -4.49063
v 4.56446 3.60000 -4.49063
v 4.50696 3.60000 -4.53240
v 4.48500 3.60000 -4.60000
v 4.50696 3.60000 -4.66760
v 4.56446 3.60000 -4.70937
v 4.63554 3.60000 -4.70937
v 4.69304 3.60000 -4.66760
v 4.60000 1.05000 -4.60000
v 4.60000 3.60000 -4.60000
v 4.77500 1.35000 -4.60000
v 4.74158 1.35000 -4.49714
v 4.65408 1.35000 -4.43357
v 4.54592 1.35000 -4.43357
v 4.45842 1.35000 -4.49714
v 4.42500 1.35000 -4.60000
v 4.45842 1.35000 -4.70286
v 4.54592 1.35000 -4.76643
v 4.65408 1.35000 -4.76643
v 4.74158 1.35000 -4.70286
v 4.77500 2.97000 -4.60000
v 4.74158 2.97000 -4.49714
v 4.65408 2.97000 -4.43357
v 4.54592 2.97000 -4.43357
v 4.45842 2.97000 -4.49714
v 4.42500 2.97000 -4.60000
v 4.45842 2.97000 -4.70286
v 4.54592 2.97000 -4.76643
v 4.65408 2.97000 -4.76643
v 4.74158 2.97000 -4.70286
v 4.60000 1.35000 -4.60000
v 4.60000 2.97000 -4.60000
v 4.60000 3.73500 -4.60000
v 4.67935 3.70922 -4.60000
v 4.66420 3.70922 -4.55336
v 4.62452 3.70922 -4.52453
v 4.57548 3.70922 -4.52453
v 4.53580 3.70922 -4.55336
v 4.52065 3.70922 -4.60000
v 4.53580 3.70922 -4.64664
v 4.57548 3.70922 -4.67547
v 4.62452 3.70922 -4.67547
v 4.66420 3.70922 -4.64664
v 4.72839 3.64172 -4.60000
v 4.70387 3.64172 -4.52453
v 4.63968 3.64172 -4.47789
v 4.56032 3.64172 -4.47789
v 4.49613 3.64172 -4.52453
v 4.47161 3.64172 -4.60000
v 4.49613 3.64172 -4.67547
v 4.56032 3.64172 -4.72211
v 4.63968 3.64172 -4.72211
v 4.70387 3.64172 -4.67547
v 4.72839 3.55828 -4.60000
v 4.70387 3.55828 -4.52453
v 4.63968 3.55828 -4.47789
v 4.56032 3.55828 -4.47789
v 4.49613 3.55828 -4.52453
v 4.47161 3.55828 -4.60000
v 4.49613 3.55828 -4.67547
v 4.56032 3.55828 -4.72211
v 4.63968 3.55828 -4.72211
v 4.70387 3.55828 -4.67547
v 4.67935 3.49078 -4.60000
v 4.66420 3.49078 -4.55336
v 4.62452 3.49078 -4.52453
v 4.57548 3.49078 -4.52453
v 4.53580 3.49078 -4.55336
v 4.52065 3.49078 -4.60000
v 4.53580 3.49078 -4.64664
v 4.57548 3.49078 -4.67547
v 4.62452 3.49078 -4.67547
v 4.66420 3.49078 -4.64664
v 4.60000 3.46500 -4.60000
v 4.42000 1.05000 -4.78000
v 4.78000 1.05000 -4.78000
v 4.78000 1.14000 -4.78000
v 4.42000 1.14000 -4.78000
v 4.42000 1.05000 -4.42000
v 4.78000 1.05000 -4.42000
v 4.78000 1.14000 -4.42000
v 4.42000 1.14000 -4.42000
v 4.71500 1.05000 4.60000
v 4.69304 1.05000 4.66760
v 4.63554 1.05000 4.70937
v 4.56446 1.05000 4.70937
v 4.50696 1.05000 4.66760
v 4.48500 1.05000 4.60000
v 4.50696 1.05000 4.53240
v 4.56446 1.05000 4.49063
v 4.63554 1.05000 4.49063
v 4.69304 1.05000 4.53240
v 4.71500 3.60000 4.60000
v 4.69304 3.60000 4.66760
v 4.63554 3.60000 4.70937
v 4.56446 3.60000 4.70937
v 4.50696 3.60000 4.66760
v 4.48500 3.60000 4.60000
v 4.50696 3.60000 4.53240
v 4.56446 3.60000 4.49063
v 4.63554 3.60000 4.49063
v 4.69304 3.60000 4.53240
v 4.60000 1.05000 4.60000
v 4.60000 3.60000 4.60000
v 4.77500 1.35000 4.60000
v 4.74158 1.35000 4.70286
v 4.65408 1.35000 4.76643
v 4.54592 1.35000 4.76643
v 4.45842 1.35000 4.70286
v 4.42500 1.35000 4.60000
v 4.45842 1.35000 4.49714
v 4.54592 1.35000 4.43357
v 4.65408 1.35000 4.43357
v 4.74158 1.35000 4.49714
v 4.77500 2.97000 4.60000
v 4.74158 2.97000 4.70286
v 4.65408 2.97000 4.76643
v 4.54592 2.97000 4.76643
v 4.45842 2.97000 4.70286
v 4.42500 2.97000 4.60000
v 4.45842 2.97000 4.49714
v 4.54592 2.97000 4.43357
v 4.65408 2.97000 4.43357
v 4.74158 2.97000 4.49714
v 4.60000 1.35000 4.60000
v 4.60000 2.97000 4.60000
v 4.60000 3.73500 4.60000
v 4.67935 3.70922 4.60000
v 4.66420 3.70922 4.64664
v 4.62452 3.70922 4.67547
v 4.57548 3.70922 4.67547
v 4.53580 3.70922 4.64664
v 4.52065 3.70922 4.60000
v 4.53580 3.70922 4.55336
v 4.57548 3.70922 4.52453
v 4.62452 3.70922 4.52453
v 4.66420 3.70922 4.55336
v 4.72839 3.64172 4.60000
v 4.70387 3.64172 4.67547
v 4.63968 3.64172 4.72211
v 4.56032 3.64172 4.72211
v 4.49613 3.64172 4.67547
v 4.47161 3.64172 4.60000
v 4.49613 3.64172 4.52453
v 4.56032 3.64172 4.47789
v 4.63968 3.64172 4.47789
v 4.70387 3.64172 4.52453
v 4.72839 3.55828 4.60000
v 4.70387 3.55828 4.67547
v 4.63968 3.55828 4.72211
v 4.56032 3.55828 4.72211
v 4.49613 3.55828 4.67547
v 4.47161 3.55828 4.60000
v 4.49613 3.55828 4.52453
v 4.56032 3.55828 4.47789
v 4.63968 3.55828 4.47789
v 4.70387 3.55828 4.52453
v 4.67935 3.49078 4.60000
v 4.66420 3.49078 4.64664
v 4.62452 3.49078 4.67547
v 4.57548 3.49078 4.67547
v 4.53580 3.49078 4.64664
v 4.52065 3.49078 4.60000
v 4.53580 3.49078 4.55336
v 4.57548 3.49078 4.52453
v 4.62452 3.49078 4.52453
v 4.66420 3.49078 4.55336
v 4.60000 3.46500 4.60000
v 4.42000 1.05000 4.42000
v 4.78000 1.05000 4.42000
v 4.78000 1.14000 4.42000
v 4.42000 1.14000 4.42000
v 4.42000 1.05000 4.78000
v 4.78000 1.05000 4.78000
v 4.78000 1.14000 4.78000
v 4.42000 1.14000 4.78000
v -4.48500 1.05000 4.60000
v -4.50696 1.05000 4.66760
v -4.56446 1.05000 4.70937
v -4.63554 1.05000 4.70937
v -4.69304 1.05000 4.66760
v -4.71500 1.05000 4.60000
v -4.69304 1.05000 4.53240
v -4.63554 1.05000 4.49063
v -4.56446 1.05000 4.49063
v -4.50696 1.05000 4.53240
v -4.48500 3.60000 4.60000
v -4.50696 3.60000 4.66760
v -4.56446 3.60000 4.70937
v -4.63554 3.60000 4.70937
v -4.69304 3.60000 4.66760
v -4.71500 3.60000 4.60000
v -4.69304 3.60000 4.53240
v -4.63554 3.60000 4.49063
v -4.56446 3.60000 4.49063
v -4.50696 3.60000 4.53240
v -4.60000 1.05000 4.60000
v -4.60000 3.60000 4.60000
v -4.42500 1.35000 4.60000
v -4.45842 1.35000 4.70286
v -4.54592 1.35000 4.76643
v -4.65408 1.35000 4.76643
v -4.74158 1.35000 4.70286
v -4.77500 1.35000 4.60000
v -4.74158 1.35000 4.49714
v -4.65408 1.35000 4.43357
v -4.54592 1.35000 4.43357
v -4.45842 1.35000 4.49714
v -4.42500 2.97000 4.60000
v -4.45842 2.97000 4.70286
v -4.54592 2.97000 4.76643
v -4.65408 2.97000 4.76643
v -4.74158 2.97000 4.70286
v -4.77500 2.97000 4.60000
v -4.74158 2.97000 4.49714
v -4.65408 2.97000 4.43357
v -4.54592 2.97000 4.43357
v -4.45842 2.97000 4.49714
v -4.60000 1.35000 4.60000
v -4.60000 2.97000 4.60000
v -4.60000 3.73500 4.60000
v -4.52065 3.70922 4.60000
v -4.53580 3.70922 4.64664
v -4.57548 3.70922 4.67547
v -4.62452 3.70922 4.67547
v -4.66420 3.70922 4.64664
v -4.67935 3.70922 4.60000
v -4.66420 3.70922 4.55336
v -4.62452 3.70922 4.52453
v -4.57548 3.70922 4.52453
v -4.53580 3.70922 4.55336
v -4.47161 3.64172 4.60000
v -4.49613 3.64172 4.67547
v -4.56032 3.64172 4.72211
v -4.63968 3.64172 4.72211
v -4.70387 3.64172 4.67547
v -4.72839 3.64172 4.60000
v -4.70387 3.64172 4.52453
v -4.63968 3.64172 4.47789
v -4.56032 3.64172 4.47789
v -4.49613 3.64172 4.52453
v -4.47161 3.55828 4.60000
v -4.49613 3.55828 4.67547
v -4.56032 3.55828 4.72211
v -4.63968 3.55828 4.72211
v -4.70387 3.55828 4.67547
v -4.72839 3.55828 4.60000
v -4.70387 3.55828 4.52453
v -4.63968 3.55828 4.47789
v -4.56032 3.55828 4.47789
v -4.49613 3.55828 4.52453
v -4.52065 3.49078 4.60000
v -4.53580 3.49078 4.64664
v -4.57548 3.49078 4.67547
v -4.62452 3.49078 4.67547
v -4.66420 3.49078 4.64664
v -4.67935 3.49078 4.60000
v -4.66420 3.49078 4.55336
v -4.62452 3.49078 4.52453
v -4.57548 3.49078 4.52453
v -4.53580 3.49078 4.55336
v -4.60000 3.46500 4.60000
v -4.78000 1.05000 4.42000
v -4.42000 1.05000 4.42000
v -4.42000 1.14000 4.42000
v -4.78000 1.14000 4.42000
v -4.78000 1.05000 4.78000
v -4.42000 1.05000 4.78000
v -4.42000 1.14000 4.78000
v -4.78000 1.14000 4.78000
v -4.60000 1.51000 -4.64200
v -4.59952 1.54994 -4.61298
v -4.59970 1.53469 -4.56602
v -4.60030 1.48531 -4.56602
v -4.60048 1.47006 -4.61298
v 0.00000 1.45500 -4.64200
v 0.00048 1.49494 -4.61298
v 0.00030 1.47969 -4.56602
v -0.00030 1.43031 -4.56602
v -0.00048 1.41506 -4.61298
v 0.00000 1.45500 -4.64200
v -0.00048 1.49494 -4.61298
v -0.00030 1.47969 -4.56602
v 0.00030 1.43031 -4.56602
v 0.00048 1.41506 -4.61298
v 4.60000 1.51000 -4.64200
v 4.59952 1.54994 -4.61298
v 4.59970 1.53469 -4.56602
v 4.60030 1.48531 -4.56602
v 4.60048 1.47006 -4.61298
v -4.18600 1.51000 -4.65000
v -4.18600 1.55755 -4.61545
v -4.18600 1.53939 -4.55955
v -4.18600 1.48061 -4.55955
v -4.18600 1.46245 -4.61545
v -3.17400 1.51000 -4.65000
v -3.17400 1.55755 -4.61545
v -3.17400 1.53939 -4.55955
v -3.17400 1.48061 -4.55955
v -3.17400 1.46245 -4.61545
v 3.17400 1.51000 -4.65000
v 3.17400 1.55755 -4.61545
v 3.17400 1.53939 -4.55955
v 3.17400 1.48061 -4.55955
v 3.17400 1.46245 -4.61545
v 4.18600 1.51000 -4.65000
v 4.18600 1.55755 -4.61545
v 4.18600 1.53939 -4.55955
v 4.18600 1.48061 -4.55955
v 4.18600 1.46245 -4.61545
v -4.60000 1.99000 -4.64200
v -4.59952 2.02994 -4.61298
v -4.59970 2.01469 -4.56602
v -4.60030 1.96531 -4.56602
v -4.60048 1.95006 -4.61298
v 0.00000 1.93500 -4.64200
v 0.00048 1.97494 -4.61298
v 0.00030 1.95969 -4.56602
v -0.00030 1.91031 -4.56602
v -0.00048 1.89506 -4.61298
v 0.00000 1.93500 -4.64200
v -0.00048 1.97494 -4.61298
v -0.00030 1.95969 -4.56602
v 0.00030 1.91031 -4.56602
v 0.00048 1.89506 -4.61298
v 4.60000 1.99000 -4.64200
v 4.59952 2.02994 -4.61298
v 4.59970 2.01469 -4.56602
v 4.60030 1.96531 -4.56602
v 4.60048 1.95006 -4.61298
v -4.18600 1.99000 -4.65000
v -4.18600 2.03755 -4.61545
v -4.18600 2.01939 -4.55955
v -4.18600 1.96061 -4.55955
v -4.18600 1.94245 -4.61545
v -3.17400 1.99000 -4.65000
v -3.17400 2.03755 -4.61545
v -3.17400 2.01939 -4.55955
v -3.17400 1.96061 -4.55955
v -3.17400 1.94245 -4.61545
v 3.17400 1.99000 -4.65000
v 3.17400 2.03755 -4.61545
v 3.17400 2.01939 -4.55955
v 3.17400 1.96061 -4.55955
v 3.17400 1.94245 -4.61545
v 4.18600 1.99000 -4.65000
v 4.18600 2.03755 -4.61545
v 4.18600 2.01939 -4.55955
v 4.18600 1.96061 -4.55955
v 4.18600 1.94245 -4.61545
v -4.60000 2.47000 -4.64200
v -4.59952 2.50994 -4.61298
v -4.59970 2.49469 -4.56602
v -4.60030 2.44531 -4.56602
v -4.60048 2.43006 -4.61298
v 0.00000 2.41500 -4.64200
v 0.00048 2.45494 -4.61298
v 0.00030 2.43969 -4.56602
v -0.00030 2.39031 -4.56602
v -0.00048 2.37506 -4.61298
v 0.00000 2.41500 -4.64200
v -0.00048 2.45494 -4.61298
v -0.00030 2.43969 -4.56602
v 0.00030 2.39031 -4.56602
v 0.00048 2.37506 -4.61298
v 4.60000 2.47000 -4.64200
v 4.59952 2.50994 -4.61298
v 4.59970 2.49469 -4.56602
v 4.60030 2.44531 -4.56602
v 4.60048 2.43006 -4.61298
v -4.18600 2.47000 -4.65000
v -4.18600 2.51755 -4.61545
v -4.18600 2.49939 -4.55955
v -4.18600 2.44061 -4.55955
v -4.18600 2.42245 -4.61545
v -3.17400 2.47000 -4.65000
v -3.17400 2.51755 -4.61545
v -3.17400 2.49939 -4.55955
v -3.17400 2.44061 -4.55955
v -3.17400 2.42245 -4.61545
v 3.17400 2.47000 -4.65000
v 3.17400 2.51755 -4.61545
v 3.17400 2.49939 -4.55955
v 3.17400 2.44061 -4.55955
v 3.17400 2.42245 -4.61545
v 4.18600 2.47000 -4.65000
v 4.18600 2.51755 -4.61545
v 4.18600 2.49939 -4.55955
v 4.18600 2.44061 -4.55955
v 4.18600 2.42245 -4.61545
v -4.60000 2.95000 -4.64200
v -4.59952 2.98994 -4.61298
v -4.59970 2.97469 -4.56602
v -4.60030 2.92531 -4.56602
v -4.60048 2.91006 -4.61298
v 0.00000 2.89500 -4.64200
v 0.00048 2.93494 -4.61298
v 0.00030 2.91969 -4.56602
v -0.00030 2.87031 -4.56602
v -0.00048 2.85506 -4.61298
v 0.00000 2.89500 -4.64200
v -0.00048 2.93494 -4.61298
v -0.00030 2.91969 -4.56602
v 0.00030 2.87031 -4.56602
v 0.00048 2.85506 -4.61298
v 4.60000 2.95000 -4.64200
v 4.59952 2.98994 -4.61298
v 4.59970 2.97469 -4.56602
v 4.60030 2.92531 -4.56602
v 4.60048 2.91006 -4.61298
v -4.18600 2.95000 -4.65000
v -4.18600 2.99755 -4.61545
v -4.18600 2.97939 -4.55955
v -4.18600 2.92061 -4.55955
v -4.18600 2.90245 -4.61545
v -3.17400 2.95000 -4.65000
v -3.17400 2.99755 -4.61545
v -3.17400 2.97939 -4.55955
v -3.17400 2.92061 -4.55955
v -3.17400 2.90245 -4.61545
v 3.17400 2.95000 -4.65000
v 3.17400 2.99755 -4.61545
v 3.17400 2.97939 -4.55955
v 3.17400 2.92061 -4.55955
v 3.17400 2.90245 -4.61545
v 4.18600 2.95000 -4.65000
v 4.18600 2.99755 -4.61545
v 4.18600 2.97939 -4.55955
v 4.18600 2.92061 -4.55955
v 4.18600 2.90245 -4.61545
v 4.64200 1.51000 -4.60000
v 4.61298 1.54994 -4.59952
v 4.56602 1.53469 -4.59970
v 4.56602 1.48531 -4.60030
v 4.61298 1.47006 -4.60048
v 4.64200 1.45500 0.00000
v 4.61298 1.49494 0.00048
v 4.56602 1.47969 0.00030
v 4.56602 1.43031 -0.00030
v 4.61298 1.41506 -0.00048
v 4.64200 1.45500 0.00000
v 4.61298 1.49494 -0.00048
v 4.56602 1.47969 -0.00030
v 4.56602 1.43031 0.00030
v 4.61298 1.41506 0.00048
v 4.64200 1.51000 4.60000
v 4.61298 1.54994 4.59952
v 4.56602 1.53469 4.59970
v 4.56602 1.48531 4.60030
v 4.61298 1.47006 4.60048
v 4.65000 1.51000 -4.18600
v 4.61545 1.55755 -4.18600
v 4.55955 1.53939 -4.18600
v 4.55955 1.48061 -4.18600
v 4.61545 1.46245 -4.18600
v 4.65000 1.51000 -3.17400
v 4.61545 1.55755 -3.17400
v 4.55955 1.53939 -3.17400
v 4.55955 1.48061 -3.17400
v 4.61545 1.46245 -3.17400
v 4.65000 1.51000 3.17400
v 4.61545 1.55755 3.17400
v 4.55955 1.53939 3.17400
v 4.55955 1.48061 3.17400
v 4.61545 1.46245 3.17400
v 4.65000 1.51000 4.18600
v 4.61545 1.55755 4.18600
v 4.55955 1.53939 4.18600
v 4.55955 1.48061 4.18600
v 4.61545 1.46245 4.18600
v 4.64200 1.99000 -4.60000
v 4.61298 2.02994 -4.59952
v 4.56602 2.01469 -4.59970
v 4.56602 1.96531 -4.60030
v 4.61298 1.95006 -4.60048
v 4.64200 1.93500 0.00000
v 4.61298 1.97494 0.00048
v 4.56602 1.95969 0.00030
v 4.56602 1.91031 -0.00030
v 4.61298 1.89506 -0.00048
v 4.64200 1.93500 0.00000
v 4.61298 1.97494 -0.00048
v 4.56602 1.95969 -0.00030
v 4.56602 1.91031 0.00030
v 4.61298 1.89506 0.00048
v 4.64200 1.99000 4.60000
v 4.61298 2.02994 4.59952
v 4.56602 2.01469 4.59970
v 4.56602 1.96531 4.60030
v 4.61298 1.95006 4.60048
v 4.65000 1.99000 -4.18600
v 4.61545 2.03755 -4.18600
v 4.55955 2.01939 -4.18600
v 4.55955 1.96061 -4.18600
v 4.61545 1.94245 -4.18600
v 4.65000 1.99000 -3.17400
v 4.61545 2.03755 -3.17400
v 4.55955 2.01939 -3.17400
v 4.55955 1.96061 -3.17400
v 4.61545 1.94245 -3.17400
v 4.65000 1.99000 3.17400
v 4.61545 2.03755 3.17400
v 4.55955 2.01939 3.17400
v 4.55955 1.96061 3.17400
v 4.61545 1.94245 3.17400
v 4.65000 1.99000 4.18600
v 4.61545 2.03755 4.18600
v 4.55955 2.01939 4.18600
v 4.55955 1.96061 4.18600
v 4.61545 1.94245 4.18600
v 4.64200 2.47000 -4.60000
v 4.61298 2.50994 -4.59952
v 4.56602 2.49469 -4.59970
v 4.56602 2.44531 -4.60030
v 4.61298 2.43006 -4.60048
v 4.64200 2.41500 0.00000
v 4.61298 2.45494 0.00048
v 4.56602 2.43969 0.00030
v 4.56602 2.39031 -0.00030
v 4.61298 2.37506 -0.00048
v 4.64200 2.41500 0.00000
v 4.61298 2.45494 -0.00048
v 4.56602 2.43969 -0.00030
v 4.56602 2.39031 0.00030
v 4.61298 2.37506 0.00048
v 4.64200 2.47000 4.60000
v 4.61298 2.50994 4.59952
v 4.56602 2.49469 4.59970
v 4.56602 2.44531 4.60030
v 4.61298 2.43006 4.60048
v 4.65000 2.47000 -4.18600
v 4.61545 2.51755 -4.18600
v 4.55955 2.49939 -4.18600
v 4.55955 2.44061 -4.18600
v 4.61545 2.42245 -4.18600
v 4.65000 2.47000 -3.17400
v 4.61545 2.51755 -3.17400
v 4.55955 2.49939 -3.17400
v 4.55955 2.44061 -3.17400
v 4.61545 2.42245 -3.17400
v 4.65000 2.47000 3.17400
v 4.61545 2.51755 3.17400
v 4.55955 2.49939 3.17400
v 4.55955 2.44061 3.17400
v 4.61545 2.42245 3.17400
v 4.65000 2.47000 4.18600
v 4.61545 2.51755 4.18600
v 4.55955 2.49939 4.18600
v 4.55955 2.44061 4.18600
v 4.61545 2.42245 4.18600
v 4.64200 2.95000 -4.60000
v 4.61298 2.98994 -4.59952
v 4.56602 2.97469 -4.59970
v 4.56602 2.92531 -4.60030
v 4.61298 2.91006 -4.60048
v 4.64200 2.89500 0.00000
v 4.61298 2.93494 0.00048
v 4.56602 2.91969 0.00030
v 4.56602 2.87031 -0.00030
v 4.61298 2.85506 -0.00048
v 4.64200 2.89500 0.00000
v 4.61298 2.93494 -0.00048
v 4.56602 2.91969 -0.00030
v 4.56602 2.87031 0.00030
v 4.61298 2.85506 0.00048
v 4.64200 2.95000 4.60000
v 4.61298 2.98994 4.59952
v 4.56602 2.97469 4.59970
v 4.56602 2.92531 4.60030
v 4.61298 2.91006 4.60048
v 4.65000 2.95000 -4.18600
v 4.61545 2.99755 -4.18600
v 4.55955 2.97939 -4.18600
v 4.55955 2.92061 -4.18600
v 4.61545 2.90245 -4.18600
v 4.65000 2.95000 -3.17400
v 4.61545 2.99755 -3.17400
v 4.55955 2.97939 -3.17400
v 4.55955 2.92061 -3.17400
v 4.61545 2.90245 -3.17400
v 4.65000 2.95000 3.17400
v 4.61545 2.99755 3.17400
v 4.55955 2.97939 3.17400
v 4.55955 2.92061 3.17400
v 4.61545 2.90245 3.17400
v 4.65000 2.95000 4.18600
v 4.61545 2.99755 4.18600
v 4.55955 2.97939 4.18600
v 4.55955 2.92061 4.18600
v 4.61545 2.90245 4.18600
v 4.60000 1.51000 4.64200
v 4.59952 1.54994 4.61298
v 4.59970 1.53469 4.56602
v 4.60030 1.48531 4.56602
v 4.60048 1.47006 4.61298
v 0.00000 1.45500 4.64200
v -0.00048 1.49494 4.61298
v -0.00030 1.47969 4.56602
v 0.00030 1.43031 4.56602
v 0.00048 1.41506 4.61298
v 0.00000 1.45500 4.64200
v 0.00048 1.49494 4.61298
v 0.00030 1.47969 4.56602
v -0.00030 1.43031 4.56602
v -0.00048 1.41506 4.61298
v -4.60000 1.51000 4.64200
v -4.59952 1.54994 4.61298
v -4.59970 1.53469 4.56602
v -4.60030 1.48531 4.56602
v -4.60048 1.47006 4.61298
v 4.18600 1.51000 4.65000
v 4.18600 1.55755 4.61545
v 4.18600 1.53939 4.55955
v 4.18600 1.48061 4.55955
v 4.18600 1.46245 4.61545
v 3.17400 1.51000 4.65000
v 3.17400 1.55755 4.61545
v 3.17400 1.53939 4.55955
v 3.17400 1.48061 4.55955
v 3.17400 1.46245 4.61545
v -3.17400 1.51000 4.65000
v -3.17400 1.55755 4.61545
v -3.17400 1.53939 4.55955
v -3.17400 1.48061 4.55955
v -3.17400 1.46245 4.61545
v -4.18600 1.51000 4.65000
v -4.18600 1.55755 4.61545
v -4.18600 1.53939 4.55955
v -4.18600 1.48061 4.55955
v -4.18600 1.46245 4.61545
v 4.60000 1.99000 4.64200
v 4.59952 2.02994 4.61298
v 4.59970 2.01469 4.56602
v 4.60030 1.96531 4.56602
v 4.60048 1.95006 4.61298
v 0.00000 1.93500 4.64200
v -0.00048 1.97494 4.61298
v -0.00030 1.95969 4.56602
v 0.00030 1.91031 4.56602
v 0.00048 1.89506 4.61298
v 0.00000 1.93500 4.64200
v 0.00048 1.97494 4.61298
v 0.00030 1.95969 4.56602
v -0.00030 1.91031 4.56602
v -0.00048 1.89506 4.61298
v -4.60000 1.99000 4.64200
v -4.59952 2.02994 4.61298
v -4.59970 2.01469 4.56602
v -4.60030 1.96531 4.56602
v -4.60048 1.95006 4.61298
v 4.18600 1.99000 4.65000
v 4.18600 2.03755 4.61545
v 4.18600 2.01939 4.55955
v 4.18600 1.96061 4.55955
v 4.18600 1.94245 4.61545
v 3.17400 1.99000 4.65000
v 3.17400 2.03755 4.61545
v 3.17400 2.01939 4.55955
v 3.17400 1.96061 4.55955
v 3.17400 1.94245 4.61545
v -3.17400 1.99000 4.65000
v -3.17400 2.03755 4.61545
v -3.17400 2.01939 4.55955
v -3.17400 1.96061 4.55955
v -3.17400 1.94245 4.61545
v -4.18600 1.99000 4.65000
v -4.18600 2.03755 4.61545
v -4.18600 2.01939 4.55955
v -4.18600 1.96061 4.55955
v -4.18600 1.94245 4.61545
v 4.60000 2.47000 4.64200
v 4.59952 2.50994 4.61298
v 4.59970 2.49469 4.56602
v 4.60030 2.44531 4.56602
v 4.60048 2.43006 4.61298
v 0.00000 2.41500 4.64200
v -0.00048 2.45494 4.61298
v -0.00030 2.43969 4.56602
v 0.00030 2.39031 4.56602
v 0.00048 2.37506 4.61298
v 0.00000 2.41500 4.64200
v 0.00048 2.45494 4.61298
v 0.00030 2.43969 4.56602
v -0.00030 2.39031 4.56602
v -0.00048 2.37506 4.61298
v -4.60000 2.47000 4.64200
v -4.59952 2.50994 4.61298
v -4.59970 2.49469 4.56602
v -4.60030 2.44531 4.56602
v -4.60048 2.43006 4.61298
v 4.18600 2.47000 4.65000
v 4.18600 2.51755 4.61545
v 4.18600 2.49939 4.55955
v 4.18600 2.44061 4.55955
v 4.18600 2.42245 4.61545
v 3.17400 2.47000 4.65000
v 3.17400 2.51755 4.61545
v 3.17400 2.49939 4.55955
v 3.17400 2.44061 4.55955
v 3.17400 2.42245 4.61545
v -3.17400 2.47000 4.65000
v -3.17400 2.51755 4.61545
v -3.17400 2.49939 4.55955
v -3.17400 2.44061 4.55955
v -3.17400 2.42245 4.61545
v -4.18600 2.47000 4.65000
v -4.18600 2.51755 4.61545
v -4.18600 2.49939 4.55955
v -4.18600 2.44061 4.55955
v -4.18600 2.42245 4.61545
v 4.60000 2.95000 4.64200
v 4.59952 2.98994 4.61298
v 4.59970 2.97469 4.56602
v 4.60030 2.92531 4.56602
v 4.60048 2.91006 4.61298
v 0.00000 2.89500 4.64200
v -0.00048 2.93494 4.61298
v -0.00030 2.91969 4.56602
v 0.00030 2.87031 4.56602
v 0.00048 2.85506 4.61298
v 0.00000 2.89500 4.64200
v 0.00048 2.93494 4.61298
v 0.00030 2.91969 4.56602
v -0.00030 2.87031 4.56602
v -0.00048 2.85506 4.61298
v -4.60000 2.95000 4.64200
v -4.59952 2.98994 4.61298
v -4.59970 2.97469 4.56602
v -4.60030 2.92531 4.56602
v -4.60048 2.91006 4.61298
v 4.18600 2.95000 4.65000
v 4.18600 2.99755 4.61545
v 4.18600 2.97939 4.55955
v 4.18600 2.92061 4.55955
v 4.18600 2.90245 4.61545
v 3.17400 2.95000 4.65000
v 3.17400 2.99755 4.61545
v 3.17400 2.97939 4.55955
v 3.17400 2.92061 4.55955
v 3.17400 2.90245 4.61545
v -3.17400 2.95000 4.65000
v -3.17400 2.99755 4.61545
v -3.17400 2.97939 4.55955
v -3.17400 2.92061 4.55955
v -3.17400 2.90245 4.61545
v -4.18600 2.95000 4.65000
v -4.18600 2.99755 4.61545
v -4.18600 2.97939 4.55955
v -4.18600 2.92061 4.55955
v -4.18600 2.90245 4.61545
v -4.64200 1.51000 4.60000
v -4.61298 1.54994 4.59952
v -4.56602 1.53469 4.59970
v -4.56602 1.48531 4.60030
v -4.61298 1.47006 4.60048
v -4.64200 1.45500 0.00000
v -4.61298 1.49494 -0.00048
v -4.56602 1.47969 -0.00030
v -4.56602 1.43031 0.00030
v -4.61298 1.41506 0.00048
v -4.64200 1.45500 0.00000
v -4.61298 1.49494 0.00048
v -4.56602 1.47969 0.00030
v -4.56602 1.43031 -0.00030
v -4.61298 1.41506 -0.00048
v -4.64200 1.51000 -4.60000
v -4.61298 1.54994 -4.59952
v -4.56602 1.53469 -4.59970
v -4.56602 1.48531 -4.60030
v -4.61298 1.47006 -4.60048
v -4.65000 1.51000 4.18600
v -4.61545 1.55755 4.18600
v -4.55955 1.53939 4.18600
v -4.55955 1.48061 4.18600
v -4.61545 1.46245 4.18600
v -4.65000 1.51000 3.17400
v -4.61545 1.55755 3.17400
v -4.55955 1.53939 3.17400
v -4.55955 1.48061 3.17400
v -4.61545 1.46245 3.17400
v -4.65000 1.51000 -3.17400
v -4.61545 1.55755 -3.17400
v -4.55955 1.53939 -3.17400
v -4.55955 1.48061 -3.17400
v -4.61545 1.46245 -3.17400
v -4.65000 1.51000 -4.18600
v -4.61545 1.55755 -4.18600
v -4.55955 1.53939 -4.18600
v -4.55955 1.48061 -4.18600
v -4.61545 1.46245 -4.18600
v -4.64200 1.99000 4.60000
v -4.61298 2.02994 4.59952
v -4.56602 2.01469 4.59970
v -4.56602 1.96531 4.60030
v -4.61298 1.95006 4.60048
v -4.64200 1.93500 0.00000
v -4.61298 1.97494 -0.00048
v -4.56602 1.95969 -0.00030
v -4.56602 1.91031 0.00030
v -4.61298 1.89506 0.00048
v -4.64200 1.93500 0.00000
v -4.61298 1.97494 0.00048
v -4.56602 1.95969 0.00030
v -4.56602 1.91031 -0.00030
v -4.61298 1.89506 -0.00048
v -4.64200 1.99000 -4.60000
v -4.61298 2.02994 -4.59952
v -4.56602 2.01469 -4.59970
v -4.56602 1.96531 -4.60030
v -4.61298 1.95006 -4.60048
v -4.65000 1.99000 4.18600
v -4.61545 2.03755 4.18600
v -4.55955 2.01939 4.18600
v -4.55955 1.96061 4.18600
v -4.61545 1.94245 4.18600
v -4.65000 1.99000 3.17400
v -4.61545 2.03755 3.17400
v -4.55955 2.01939 3.17400
v -4.55955 1.96061 3.17400
v -4.61545 1.94245 3.17400
v -4.65000 1.99000 -3.17400
v -4.61545 2.03755 -3.17400
v -4.55955 2.01939 -3.17400
v -4.55955 1.96061 -3.17400
v -4.61545 1.94245 -3.17400
v -4.65000 1.99000 -4.18600
v -4.61545 2.03755 -4.18600
v -4.55955 2.01939 -4.18600
v -4.55955 1.96061 -4.18600
v -4.61545 1.94245 -4.18600
v -4.64200 2.47000 4.60000
v -4.61298 2.50994 4.59952
v -4.56602 2.49469 4.59970
v -4.56602 2.44531 4.60030
v -4.61298 2.43006 4.60048
v -4.64200 2.41500 0.00000
v -4.61298 2.45494 -0.00048
v -4.56602 2.43969 -0.00030
v -4.56602 2.39031 0.00030
v -4.61298 2.37506 0.00048
v -4.64200 2.41500 0.00000
v -4.61298 2.45494 0.00048
v -4.56602 2.43969 0.00030
v -4.56602 2.39031 -0.00030
v -4.61298 2.37506 -0.00048
v -4.64200 2.47000 -4.60000
v -4.61298 2.50994 -4.59952
v -4.56602 2.49469 -4.59970
v -4.56602 2.44531 -4.60030
v -4.61298 2.43006 -4.60048
v -4.65000 2.47000 4.18600
v -4.61545 2.51755 4.18600
v -4.55955 2.49939 4.18600
v -4.55955 2.44061 4.18600
v -4.61545 2.42245 4.18600
v -4.65000 2.47000 3.17400
v -4.61545 2.51755 3.17400
v -4.55955 2.49939 3.17400
v -4.55955 2.44061 3.17400
v -4.61545 2.42245 3.17400
v -4.65000 2.47000 -3.17400
v -4.61545 2.51755 -3.17400
v -4.55955 2.49939 -3.17400
v -4.55955 2.44061 -3.17400
v -4.61545 2.42245 -3.17400
v -4.65000 2.47000 -4.18600
v -4.61545 2.51755 -4.18600
v -4.55955 2.49939 -4.18600
v -4.55955 2.44061 -4.18600
v -4.61545 2.42245 -4.18600
v -4.64200 2.95000 4.60000
v -4.61298 2.98994 4.59952
v -4.56602 2.97469 4.59970
v -4.56602 2.92531 4.60030
v -4.61298 2.91006 4.60048
v -4.64200 2.89500 0.00000
v -4.61298 2.93494 -0.00048
v -4.56602 2.91969 -0.00030
v -4.56602 2.87031 0.00030
v -4.61298 2.85506 0.00048
v -4.64200 2.89500 0.00000
v -4.61298 2.93494 0.00048
v -4.56602 2.91969 0.00030
v -4.56602 2.87031 -0.00030
v -4.61298 2.85506 -0.00048
v -4.64200 2.95000 -4.60000
v -4.61298 2.98994 -4.59952
v -4.56602 2.97469 -4.59970
v -4.56602 2.92531 -4.60030
v -4.61298 2.91006 -4.60048
v -4.65000 2.95000 4.18600
v -4.61545 2.99755 4.18600
v -4.55955 2.97939 4.18600
v -4.55955 2.92061 4.18600
v -4.61545 2.90245 4.18600
v -4.65000 2.95000 3.17400
v -4.61545 2.99755 3.17400
v -4.55955 2.97939 3.17400
v -4.55955 2.92061 3.17400
v -4.61545 2.90245 3.17400
v -4.65000 2.95000 -3.17400
v -4.61545 2.99755 -3.17400
v -4.55955 2.97939 -3.17400
v -4.55955 2.92061 -3.17400
v -4.61545 2.90245 -3.17400
v -4.65000 2.95000 -4.18600
v -4.61545 2.99755 -4.18600
v -4.55955 2.97939 -4.18600
v -4.55955 2.92061 -4.18600
v -4.61545 2.90245 -4.18600
vn 0.00000 0.00000 1.00000
vn 0.00000 0.00000 1.00000
vn 0.00000 0.00000 -1.00000
vn 0.00000 0.00000 -1.00000
vn 1.00000 0.00000 0.00000
vn 1.00000 -0.00000 0.00000
vn -1.00000 0.00000 0.00000
vn -1.00000 0.00000 0.00000
vn 0.00000 1.00000 0.00000
vn 0.00000 1.00000 0.00000
vn 0.00000 -1.00000 0.00000
vn 0.00000 -1.00000 0.00000
vn 0.00000 0.00000 1.00000
vn 0.00000 0.00000 1.00000
vn 0.00000 0.00000 -1.00000
vn 0.00000 0.00000 -1.00000
vn 1.00000 0.00000 0.00000
vn 1.00000 -0.00000 0.00000
vn -1.00000 0.00000 0.00000
vn -1.00000 0.00000 0.00000
vn 0.00000 1.00000 0.00000
vn 0.00000 1.00000 0.00000
vn 0.00000 -1.00000 0.00000
vn 0.00000 -1.00000 0.00000
vn 0.00000 0.00000 1.00000
vn 0.00000 0.00000 1.00000
vn 0.00000 0.00000 -1.00000
vn 0.00000 0.00000 -1.00000
vn 1.00000 0.00000 0.00000
vn 1.00000 -0.00000 0.00000
vn -1.00000 0.00000 0.00000
vn -1.00000 0.00000 0.00000
vn 0.00000 1.00000 0.00000
vn 0.00000 1.00000 0.00000
vn 0.00000 -1.00000 0.00000
vn 0.00000 -1.00000 0.00000
vn 0.00000 0.00000 1.00000
vn 0.00000 0.00000 1.00000
vn 0.00000 0.00000 -1.00000
vn 0.00000 0.00000 -1.00000
vn 1.00000 0.00000 0.00000
vn 1.00000 -0.00000 0.00000
vn -1.00000 0.00000 0.00000
vn -1.00000 0.00000 0.00000
vn 0.00000 1.00000 0.00000
vn 0.00000 1.00000 0.00000
vn 0.00000 -1.00000 0.00000
vn 0.00000 -1.00000 0.00000
vn 0.00000 0.00000 1.00000
vn 0.00000 0.00000 1.00000
vn 0.00000 0.00000 -1.00000
vn 0.00000 0.00000 -1.00000
vn 1.00000 0.00000 0.00000
vn 1.00000 -0.00000 0.00000
vn -1.00000 0.00000 0.00000
vn -1.00000 0.00000 0.00000
vn 0.00000 1.00000 0.00000
vn 0.00000 1.00000 0.00000
vn 0.00000 -1.00000 0.00000
vn 0.00000 -1.00000 0.00000
vn 0.00000 0.00000 1.00000
vn 0.00000 0.00000 1.00000
vn 0.00000 0.00000 -1.00000
vn 0.00000 0.00000 -1.00000
vn 1.00000 0.00000 0.00000
vn 1.00000 -0.00000 0.00000
vn -1.00000 0.00000 0.00000
vn -1.00000 0.00000 0.00000
vn 0.00000 1.00000 0.00000
vn 0.00000 1.00000 0.00000
vn 0.00000 -1.00000 0.00000
vn 0.00000 -1.00000 0.00000
vn 0.00000 0.00000 1.00000
vn 0.00000 0.00000 1.00000
vn 0.00000 0.00000 -1.00000
vn 0.00000 0.00000 -1.00000
vn 1.00000 0.00000 0.00000
vn 1.00000 -0.00000 0.00000
vn -1.00000 0.00000 0.00000
vn -1.00000 0.00000 0.00000
vn 0.00000 1.00000 0.00000
vn 0.00000 1.00000 0.00000
vn 0.00000 -1.00000 0.00000
vn 0.00000 -1.00000 0.00000
vn 0.00000 0.00000 1.00000
vn 0.00000 0.00000 1.00000
vn 0.00000 0.00000 -1.00000
vn 0.00000 0.00000 -1.00000
vn 1.00000 0.00000 0.00000
vn 1.00000 -0.00000 0.00000
vn -1.00000 0.00000 0.00000
vn -1.00000 0.00000 0.00000
vn 0.00000 1.00000 0.00000
vn 0.00000 1.00000 0.00000
vn 0.00000 -1.00000 0.00000
vn 0.00000 -1.00000 0.00000
vn 0.00000 0.00000 1.00000
vn 0.00000 0.00000 1.00000
vn 0.00000 0.00000 -1.00000
vn 0.00000 0.00000 -1.00000
vn 1.00000 0.00000 0.00000
vn 1.00000 -0.00000 0.00000
vn -1.00000 0.00000 0.00000
vn -1.00000 0.00000 0.00000
vn 0.00000 1.00000 0.00000
vn 0.00000 1.00000 0.00000
vn 0.00000 -1.00000 0.00000
vn 0.00000 -1.00000 0.00000
vn 0.00000 0.00000 1.00000
vn 0.00000 0.00000 1.00000
vn 0.00000 0.00000 -1.00000
vn 0.00000 0.00000 -1.00000
vn 1.00000 0.00000 0.00000
vn 1.00000 -0.00000 0.00000
vn -1.00000 0.00000 0.00000
vn -1.00000 0.00000 0.00000
vn 0.00000 1.00000 0.00000
vn 0.00000 1.00000 0.00000
vn 0.00000 -1.00000 0.00000
vn 0.00000 -1.00000 0.00000
vn 0.00000 0.00000 1.00000
vn 0.00000 0.00000 1.00000
vn 0.00000 0.00000 -1.00000
vn 0.00000 0.00000 -1.00000
vn 1.00000 0.00000 0.00000
vn 1.00000 -0.00000 0.00000
vn -1.00000 0.00000 0.00000
vn -1.00000 0.00000 0.00000
vn 0.00000 1.00000 0.00000
vn 0.00000 1.00000 0.00000
vn 0.00000 -1.00000 0.00000
vn 0.00000 -1.00000 0.00000
vn 0.00000 0.00000 1.00000
vn 0.00000 0.00000 1.00000
vn 0.00000 0.00000 -1.00000
vn 0.00000 0.00000 -1.00000
vn 1.00000 0.00000 0.00000
vn 1.00000 -0.00000 0.00000
vn -1.00000 0.00000 0.00000
vn -1.00000 0.00000 0.00000
vn 0.00000 1.00000 0.00000
vn 0.00000 1.00000 0.00000
vn 0.00000 -1.00000 0.00000
vn 0.00000 -1.00000 0.00000
vn 0.00000 0.00000 1.00000
vn 0.00000 0.00000 1.00000
vn 0.00000 0.00000 -1.00000
vn 0.00000 0.00000 -1.00000
vn 1.00000 0.00000 0.00000
vn 1.00000 -0.00000 0.00000
vn -1.00000 0.00000 0.00000
vn -1.00000 0.00000 0.00000
vn 0.00000 1.00000 0.00000
vn 0.00000 1.00000 0.00000
vn 0.00000 -1.00000 0.00000
vn 0.00000 -1.00000 0.00000
vn 0.00000 0.00000 1.00000
vn 0.00000 0.00000 1.00000
vn 0.00000 0.00000 -1.00000
vn 0.00000 0.00000 -1.00000
vn 1.00000 0.00000 0.00000
vn 1.00000 -0.00000 0.00000
vn -1.00000 0.00000 0.00000
vn -1.00000 0.00000 0.00000
vn 0.00000 1.00000 0.00000
vn 0.00000 1.00000 0.00000
vn 0.00000 -1.00000 0.00000
vn 0.00000 -1.00000 0.00000
vn 0.00000 0.00000 1.00000
vn 0.00000 0.00000 1.00000
vn 0.00000 0.00000 -1.00000
vn 0.00000 0.00000 -1.00000
vn 1.00000 0.00000 0.00000
vn 1.00000 -0.00000 0.00000
vn -1.00000 0.00000 0.00000
vn -1.00000 0.00000 0.00000
vn 0.00000 1.00000 0.00000
vn 0.00000 1.00000 0.00000
vn 0.00000 -1.00000 0.00000
vn 0.00000 -1.00000 0.00000
vn 0.00000 0.00000 1.00000
vn 0.00000 0.00000 1.00000
vn 0.00000 0.00000 -1.00000
vn 0.00000 0.00000 -1.00000
vn 1.00000 0.00000 0.00000
vn 1.00000 -0.00000 0.00000
vn -1.00000 0.00000 0.00000
vn -1.00000 0.00000 0.00000
vn 0.00000 1.00000 0.00000
vn 0.00000 1.00000 0.00000
vn 0.00000 -1.00000 0.00000
vn 0.00000 -1.00000 0.00000
vn 0.00000 0.00000 1.00000
vn 0.00000 0.00000 1.00000
vn 0.00000 0.00000 -1.00000
vn 0.00000 0.00000 -1.00000
vn 1.00000 0.00000 0.00000
vn 1.00000 -0.00000 0.00000
vn -1.00000 0.00000 0.00000
vn -1.00000 0.00000 0.00000
vn 0.00000 1.00000 0.00000
vn 0.00000 1.00000 0.00000
vn 0.00000 -1.00000 0.00000
vn 0.00000 -1.00000 0.00000
vn 0.00000 0.00000 1.00000
vn 0.00000 0.00000 1.00000
vn 0.00000 0.00000 -1.00000
vn 0.00000 0.00000 -1.00000
vn 1.00000 0.00000 0.00000
vn 1.00000 -0.00000 0.00000
vn -1.00000 0.00000 0.00000
vn -1.00000 0.00000 0.00000
vn 0.00000 1.00000 0.00000
vn 0.00000 1.00000 0.00000
vn 0.00000 -1.00000 0.00000
vn 0.00000 -1.00000 0.00000
vn 0.00000 0.00000 1.00000
vn 0.00000 0.00000 1.00000
vn 0.00000 0.00000 -1.00000
vn 0.00000 0.00000 -1.00000
vn 1.00000 0.00000 0.00000
vn 1.00000 -0.00000 0.00000
vn -1.00000 0.00000 0.00000
vn -1.00000 0.00000 0.00000
vn 0.00000 1.00000 0.00000
vn 0.00000 1.00000 0.00000
vn 0.00000 -1.00000 0.00000
vn 0.00000 -1.00000 0.00000
vn 0.00000 0.00000 1.00000
vn 0.00000 0.00000 1.00000
vn 0.00000 0.00000 -1.00000
vn 0.00000 0.00000 -1.00000
vn 1.00000 0.00000 0.00000
vn 1.00000 -0.00000 0.00000
vn -1.00000 0.00000 0.00000
vn -1.00000 0.00000 0.00000
vn 0.00000 1.00000 0.00000
vn 0.00000 1.00000 0.00000
vn 0.00000 -1.00000 0.00000
vn 0.00000 -1.00000 0.00000
vn 0.00000 0.00000 1.00000
vn 0.00000 0.00000 1.00000
vn 0.00000 0.00000 -1.00000
vn 0.00000 0.00000 -1.00000
vn 1.00000 0.00000 0.00000
vn 1.00000 -0.00000 0.00000
vn -1.00000 0.00000 0.00000
vn -1.00000 0.00000 0.00000
vn 0.00000 1.00000 0.00000
vn 0.00000 1.00000 0.00000
vn 0.00000 -1.00000 0.00000
vn 0.00000 -1.00000 0.00000
vn 0.00000 0.00000 1.00000
vn 0.00000 0.00000 1.00000
vn 0.00000 0.00000 -1.00000
vn 0.00000 0.00000 -1.00000
vn 1.00000 0.00000 0.00000
vn 1.00000 -0.00000 0.00000
vn -1.00000 0.00000 0.00000
vn -1.00000 0.00000 0.00000
vn 0.00000 1.00000 0.00000
vn 0.00000 1.00000 0.00000
vn 0.00000 -1.00000 0.00000
vn 0.00000 -1.00000 0.00000
vn 0.00000 0.00000 1.00000
vn 0.00000 0.00000 1.00000
vn 0.00000 0.00000 -1.00000
vn 0.00000 0.00000 -1.00000
vn 1.00000 0.00000 0.00000
vn 1.00000 -0.00000 0.00000
vn -1.00000 0.00000 0.00000
vn -1.00000 0.00000 0.00000
vn 0.00000 1.00000 0.00000
vn 0.00000 1.00000 0.00000
vn 0.00000 -1.00000 0.00000
vn 0.00000 -1.00000 0.00000
vn 0.00000 0.00000 1.00000
vn 0.00000 0.00000 1.00000
vn 0.00000 0.00000 -1.00000
vn 0.00000 0.00000 -1.00000
vn 1.00000 0.00000 0.00000
vn 1.00000 -0.00000 0.00000
vn -1.00000 0.00000 0.00000
vn -1.00000 0.00000 0.00000
vn 0.00000 1.00000 0.00000
vn 0.00000 1.00000 0.00000
vn 0.00000 -1.00000 0.00000
vn 0.00000 -1.00000 0.00000
vn 0.00000 0.00000 1.00000
vn 0.00000 0.00000 1.00000
vn 0.00000 0.00000 -1.00000
vn 0.00000 0.00000 -1.00000
vn 1.00000 0.00000 0.00000
vn 1.00000 -0.00000 0.00000
vn -1.00000 0.00000 0.00000
vn -1.00000 0.00000 0.00000
vn 0.00000 1.00000 0.00000
vn 0.00000 1.00000 0.00000
vn 0.00000 -1.00000 0.00000
vn 0.00000 -1.00000 0.00000
vn 0.00000 0.00000 1.00000
vn 0.00000 0.00000 1.00000
vn 0.00000 0.00000 -1.00000
vn 0.00000 0.00000 -1.00000
vn 1.00000 0.00000 0.00000
vn 1.00000 -0.00000 0.00000
vn -1.00000 0.00000 0.00000
vn -1.00000 0.00000 0.00000
vn 0.00000 1.00000 0.00000
vn 0.00000 1.00000 0.00000
vn 0.00000 -1.00000 0.00000
vn 0.00000 -1.00000 0.00000
vn 0.00000 0.00000 1.00000
vn 0.00000 0.00000 1.00000
vn 0.00000 0.00000 -1.00000
vn 0.00000 0.00000 -1.00000
vn 1.00000 0.00000 0.00000
vn 1.00000 -0.00000 0.00000
vn -1.00000 0.00000 0.00000
vn -1.00000 0.00000 0.00000
vn 0.00000 1.00000 0.00000
vn 0.00000 1.00000 0.00000
vn 0.00000 -1.00000 0.00000
vn 0.00000 -1.00000 0.00000
vn 0.00000 0.00000 1.00000
vn 0.00000 0.00000 1.00000
vn 0.00000 0.00000 -1.00000
vn 0.00000 0.00000 -1.00000
vn 1.00000 0.00000 0.00000
vn 1.00000 -0.00000 0.00000
vn -1.00000 0.00000 0.00000
vn -1.00000 0.00000 0.00000
vn 0.00000 1.00000 0.00000
vn 0.00000 1.00000 0.00000
vn 0.00000 -1.00000 0.00000
vn 0.00000 -1.00000 0.00000
vn 0.00000 1.00000 0.00000
vn 0.00000 1.00000 0.00000
vn 0.00000 1.00000 0.00000
vn 0.00000 1.00000 0.00000
vn 0.00000 1.00000 0.00000
vn 0.00000 1.00000 0.00000
vn 0.00000 1.00000 -0.00000
vn 0.00000 1.00000 0.00000
vn 0.00000 1.00000 0.00000
vn 0.00000 1.00000 0.00000
vn 0.00000 1.00000 0.00000
vn 0.00000 1.00000 0.00000
vn 0.00000 1.00000 0.00000
vn 0.00000 1.00000 0.00000
vn 0.00000 1.00000 0.00000
vn 0.00000 1.00000 0.00000
vn 0.00000 1.00000 0.00000
vn 0.00000 1.00000 0.00000
vn 0.00000 1.00000 0.00000
vn 0.00000 1.00000 0.00000
vn 0.00000 1.00000 0.00000
vn 0.00000 1.00000 0.00000
vn 0.00000 1.00000 0.00000
vn 0.00000 1.00000 0.00000
vn 0.00000 1.00000 0.00000
vn -0.00000 1.00000 0.00000
vn -0.95106 0.00000 -0.30901
vn -0.95106 0.00000 -0.30901
vn -0.58778 0.00000 -0.80902
vn -0.58778 0.00000 -0.80902
vn 0.00000 0.00000 -1.00000
vn 0.00000 0.00000 -1.00000
vn 0.58778 0.00000 -0.80902
vn 0.58778 0.00000 -0.80902
vn 0.95106 0.00000 -0.30901
vn 0.95106 0.00000 -0.30901
vn 0.95106 0.00000 0.30901
vn 0.95106 -0.00000 0.30901
vn 0.58778 0.00000 0.80902
vn 0.58778 -0.00000 0.80902
vn 0.00000 0.00000 1.00000
vn 0.00000 0.00000 1.00000
vn -0.58778 0.00000 0.80902
vn -0.58778 0.00000 0.80902
vn -0.95106 0.00000 0.30901
vn -0.95106 0.00000 0.30901
vn 0.00000 1.00000 0.00000
vn 0.00000 -1.00000 0.00000
vn 0.00000 1.00000 0.00000
vn 0.00000 -1.00000 0.00000
vn 0.00000 1.00000 -0.00000
vn 0.00000 -1.00000 0.00000
vn 0.00000 1.00000 0.00000
vn 0.00000 -1.00000 0.00000
vn 0.00000 1.00000 0.00000
vn 0.00000 -1.00000 0.00000
vn 0.00000 1.00000 0.00000
vn -0.00000 -1.00000 0.00000
vn 0.00000 1.00000 0.00000
vn 0.00000 -1.00000 0.00000
vn 0.00000 1.00000 0.00000
vn 0.00000 -1.00000 -0.00000
vn 0.00000 1.00000 0.00000
vn 0.00000 -1.00000 0.00000
vn -0.00000 1.00000 0.00000
vn 0.00000 -1.00000 0.00000
vn -0.95106 0.00000 -0.30902
vn -0.95106 0.00000 -0.30902
vn -0.58778 0.00000 -0.80902
vn -0.58778 0.00000 -0.80902
vn 0.00000 0.00000 -1.00000
vn 0.00000 0.00000 -1.00000
vn 0.58778 0.00000 -0.80902
vn 0.58778 0.00000 -0.80902
vn 0.95106 0.00000 -0.30902
vn 0.95106 0.00000 -0.30902
vn 0.95106 0.00000 0.30902
vn 0.95106 -0.00000 0.30902
vn 0.58778 0.00000 0.80902
vn 0.58778 -0.00000 0.80902
vn 0.00000 0.00000 1.00000
vn 0.00000 0.00000 1.00000
vn -0.58778 0.00000 0.80902
vn -0.58778 0.00000 0.80902
vn -0.95106 0.00000 0.30902
vn -0.95106 0.00000 0.30902
vn 0.00000 1.00000 0.00000
vn 0.00000 -1.00000 0.00000
vn 0.00000 1.00000 0.00000
vn 0.00000 -1.00000 0.00000
vn 0.00000 1.00000 -0.00000
vn 0.00000 -1.00000 0.00000
vn 0.00000 1.00000 0.00000
vn 0.00000 -1.00000 0.00000
vn 0.00000 1.00000 0.00000
vn 0.00000 -1.00000 0.00000
vn 0.00000 1.00000 0.00000
vn -0.00000 -1.00000 0.00000
vn 0.00000 1.00000 0.00000
vn 0.00000 -1.00000 0.00000
vn 0.00000 1.00000 0.00000
vn 0.00000 -1.00000 -0.00000
vn 0.00000 1.00000 0.00000
vn 0.00000 -1.00000 0.00000
vn -0.00000 1.00000 0.00000
vn 0.00000 -1.00000 0.00000
vn -0.30747 -0.94630 -0.09990
vn -0.19003 -0.94630 -0.26155
vn 0.00000 -0.94630 -0.32329
vn 0.19003 -0.94630 -0.26155
vn 0.30747 -0.94630 -0.09990
vn 0.30747 -0.94630 0.09990
vn 0.19003 -0.94630 0.26155
vn 0.00000 -0.94630 0.32329
vn -0.19003 -0.94630 0.26155
vn -0.30747 -0.94630 0.09990
vn -0.78244 -0.56847 -0.25423
vn -0.78243 -0.56847 -0.25423
vn -0.48357 -0.56847 -0.66558
vn -0.48357 -0.56847 -0.66558
vn 0.00000 -0.56847 -0.82270
vn -0.00000 -0.56847 -0.82270
vn 0.48357 -0.56847 -0.66558
vn 0.48357 -0.56847 -0.66558
vn 0.78244 -0.56847 -0.25423
vn 0.78244 -0.56847 -0.25423
vn 0.78244 -0.56847 0.25423
vn 0.78243 -0.56847 0.25423
vn 0.48357 -0.56847 0.66558
vn 0.48357 -0.56847 0.66558
vn 0.00000 -0.56847 0.82270
vn 0.00000 -0.56847 0.82270
vn -0.48357 -0.56847 0.66558
vn -0.48357 -0.56847 0.66558
vn -0.78244 -0.56847 0.25423
vn -0.78244 -0.56847 0.25423
vn -0.95106 -0.00000 -0.30902
vn -0.95106 0.00000 -0.30902
vn -0.58779 -0.00000 -0.80902
vn -0.58779 0.00000 -0.80902
vn 0.00000 -0.00000 -1.00000
vn -0.00000 0.00000 -1.00000
vn 0.58779 0.00000 -0.80902
vn 0.58779 0.00000 -0.80902
vn 0.95106 0.00000 -0.30902
vn 0.95106 0.00000 -0.30902
vn 0.95106 0.00000 0.30902
vn 0.95106 0.00000 0.30902
vn 0.58779 0.00000 0.80902
vn 0.58779 0.00000 0.80902
vn 0.00000 0.00000 1.00000
vn -0.00000 0.00000 1.00000
vn -0.58779 0.00000 0.80902
vn -0.58779 0.00000 0.80902
vn -0.95106 0.00000 0.30902
vn -0.95106 0.00000 0.30902
vn -0.78244 0.56847 -0.25423
vn -0.78244 0.56847 -0.25423
vn -0.48357 0.56847 -0.66558
vn -0.48357 0.56847 -0.66558
vn 0.00000 0.56847 -0.82270
vn 0.00000 0.56847 -0.82270
vn 0.48357 0.56847 -0.66558
vn 0.48357 0.56847 -0.66558
vn 0.78243 0.56847 -0.25423
vn 0.78244 0.56847 -0.25423
vn 0.78244 0.56847 0.25423
vn 0.78244 0.56847 0.25423
vn 0.48357 0.56847 0.66558
vn 0.48357 0.56847 0.66558
vn 0.00000 0.56847 0.82270
vn -0.00000 0.56847 0.82270
vn -0.48357 0.56847 0.66558
vn -0.48357 0.56847 0.66558
vn -0.78243 0.56847 0.25423
vn -0.78244 0.56847 0.25423
vn -0.30747 0.94630 -0.09990
vn -0.19003 0.94630 -0.26155
vn 0.00000 0.94630 -0.32329
vn 0.19003 0.94630 -0.26155
vn 0.30747 0.94630 -0.09990
vn 0.30747 0.94630 0.09990
vn 0.19003 0.94630 0.26155
vn 0.00000 0.94630 0.32329
vn -0.19003 0.94630 0.26155
vn -0.30747 0.94630 0.09990
vn 0.00000 0.00000 1.00000
vn 0.00000 0.00000 1.00000
vn 0.00000 0.00000 -1.00000
vn 0.00000 0.00000 -1.00000
vn 1.00000 0.00000 0.00000
vn 1.00000 -0.00000 0.00000
vn -1.00000 0.00000 0.00000
vn -1.00000 0.00000 0.00000
vn 0.00000 1.00000 0.00000
vn 0.00000 1.00000 0.00000
vn 0.00000 -1.00000 0.00000
vn 0.00000 -1.00000 0.00000
vn -0.95106 0.00000 -0.30901
vn -0.95106 0.00000 -0.30901
vn -0.58778 0.00000 -0.80902
vn -0.58778 0.00000 -0.80902
vn 0.00000 0.00000 -1.00000
vn 0.00000 0.00000 -1.00000
vn 0.58778 0.00000 -0.80902
vn 0.58778 0.00000 -0.80902
vn 0.95106 0.00000 -0.30901
vn 0.95106 0.00000 -0.30901
vn 0.95106 0.00000 0.30901
vn 0.95106 -0.00000 0.30901
vn 0.58778 0.00000 0.80902
vn 0.58778 -0.00000 0.80902
vn 0.00000 0.00000 1.00000
vn 0.00000 0.00000 1.00000
vn -0.58778 0.00000 0.80902
vn -0.58778 0.00000 0.80902
vn -0.95106 0.00000 0.30901
vn -0.95106 0.00000 0.30901
vn 0.00000 1.00000 0.00000
vn 0.00000 -1.00000 0.00000
vn 0.00000 1.00000 0.00000
vn 0.00000 -1.00000 0.00000
vn 0.00000 1.00000 -0.00000
vn 0.00000 -1.00000 0.00000
vn 0.00000 1.00000 0.00000
vn 0.00000 -1.00000 0.00000
vn 0.00000 1.00000 0.00000
vn 0.00000 -1.00000 0.00000
vn 0.00000 1.00000 0.00000
vn -0.00000 -1.00000 0.00000
vn 0.00000 1.00000 0.00000
vn 0.00000 -1.00000 0.00000
vn 0.00000 1.00000 0.00000
vn 0.00000 -1.00000 -0.00000
vn 0.00000 1.00000 0.00000
vn 0.00000 -1.00000 0.00000
vn -0.00000 1.00000 0.00000
vn 0.00000 -1.00000 0.00000
vn -0.95106 0.00000 -0.30902
vn -0.95106 0.00000 -0.30902
vn -0.58778 0.00000 -0.80902
vn -0.58778 0.00000 -0.80902
vn 0.00000 0.00000 -1.00000
vn 0.00000 0.00000 -1.00000
vn 0.58778 0.00000 -0.80902
vn 0.58778 0.00000 -0.80902
vn 0.95106 0.00000 -0.30902
vn 0.95106 0.00000 -0.30902
vn 0.95106 0.00000 0.30902
vn 0.95106 -0.00000 0.30902
vn 0.58778 0.00000 0.80902
vn 0.58778 -0.00000 0.80902
vn 0.00000 0.00000 1.00000
vn 0.00000 0.00000 1.00000
vn -0.58778 0.00000 0.80902
vn -0.58778 0.00000 0.80902
vn -0.95106 0.00000 0.30902
vn -0.95106 0.00000 0.30902
vn 0.00000 1.00000 0.00000
vn 0.00000 -1.00000 0.00000
vn 0.00000 1.00000 0.00000
vn 0.00000 -1.00000 0.00000
vn 0.00000 1.00000 -0.00000
vn 0.00000 -1.00000 0.00000
vn 0.00000 1.00000 0.00000
vn 0.00000 -1.00000 0.00000
vn 0.00000 1.00000 0.00000
vn 0.00000 -1.00000 0.00000
vn 0.00000 1.00000 0.00000
vn -0.00000 -1.00000 0.00000
vn 0.00000 1.00000 0.00000
vn 0.00000 -1.00000 0.00000
vn 0.00000 1.00000 0.00000
vn 0.00000 -1.00000 -0.00000
vn 0.00000 1.00000 0.00000
vn 0.00000 -1.00000 0.00000
vn -0.00000 1.00000 0.00000
vn 0.00000 -1.00000 0.00000
vn -0.30747 -0.94630 -0.09990
vn -0.19003 -0.94630 -0.26155
vn 0.00000 -0.94630 -0.32329
vn 0.19003 -0.94630 -0.26155
vn 0.30747 -0.94630 -0.09990
vn 0.30747 -0.94630 0.09990
vn 0.19003 -0.94630 0.26155
vn 0.00000 -0.94630 0.32329
vn -0.19003 -0.94630 0.26155
vn -0.30747 -0.94630 0.09990
vn -0.78244 -0.56847 -0.25423
vn -0.78243 -0.56847 -0.25423
vn -0.48357 -0.56847 -0.66558
vn -0.48357 -0.56847 -0.66558
vn 0.00000 -0.56847 -0.82270
vn -0.00000 -0.56847 -0.82270
vn 0.48357 -0.56847 -0.66558
vn 0.48357 -0.56847 -0.66558
vn 0.78244 -0.56847 -0.25423
vn 0.78244 -0.56847 -0.25423
vn 0.78244 -0.56847 0.25423
vn 0.78243 -0.56847 0.25423
vn 0.48357 -0.56847 0.66558
vn 0.48357 -0.56847 0.66558
vn 0.00000 -0.56847 0.82270
vn 0.00000 -0.56847 0.82270
vn -0.48357 -0.56847 0.66558
vn -0.48357 -0.56847 0.66558
vn -0.78244 -0.56847 0.25423
vn -0.78244 -0.56847 0.25423
vn -0.95106 -0.00000 -0.30902
vn -0.95106 0.00000 -0.30902
vn -0.58779 -0.00000 -0.80902
vn -0.58779 0.00000 -0.80902
vn 0.00000 -0.00000 -1.00000
vn -0.00000 0.00000 -1.00000
vn 0.58779 0.00000 -0.80902
vn 0.58779 0.00000 -0.80902
vn 0.95106 0.00000 -0.30902
vn 0.95106 0.00000 -0.30902
vn 0.95106 0.00000 0.30902
vn 0.95106 0.00000 0.30902
vn 0.58779 0.00000 0.80902
vn 0.58779 0.00000 0.80902
vn 0.00000 0.00000 1.00000
vn -0.00000 0.00000 1.00000
vn -0.58779 0.00000 0.80902
vn -0.58779 0.00000 0.80902
vn -0.95106 0.00000 0.30902
vn -0.95106 0.00000 0.30902
vn -0.78244 0.56847 -0.25423
vn -0.78244 0.56847 -0.25423
vn -0.48357 0.56847 -0.66558
vn -0.48357 0.56847 -0.66558
vn 0.00000 0.56847 -0.82270
vn 0.00000 0.56847 -0.82270
vn 0.48357 0.56847 -0.66558
vn 0.48357 0.56847 -0.66558
vn 0.78243 0.56847 -0.25423
vn 0.78244 0.56847 -0.25423
vn 0.78244 0.56847 0.25423
vn 0.78244 0.56847 0.25423
vn 0.48357 0.56847 0.66558
vn 0.48357 0.56847 0.66558
vn 0.00000 0.56847 0.82270
vn -0.00000 0.56847 0.82270
vn -0.48357 0.56847 0.66558
vn -0.48357 0.56847 0.66558
vn -0.78243 0.56847 0.25423
vn -0.78244 0.56847 0.25423
vn -0.30747 0.94630 -0.09990
vn -0.19003 0.94630 -0.26155
vn 0.00000 0.94630 -0.32329
vn 0.19003 0.94630 -0.26155
vn 0.30747 0.94630 -0.09990
vn 0.30747 0.94630 0.09990
vn 0.19003 0.94630 0.26155
vn 0.00000 0.94630 0.32329
vn -0.19003 0.94630 0.26155
vn -0.30747 0.94630 0.09990
vn 0.00000 0.00000 1.00000
vn 0.00000 0.00000 1.00000
vn 0.00000 0.00000 -1.00000
vn 0.00000 0.00000 -1.00000
vn 1.00000 0.00000 0.00000
vn 1.00000 -0.00000 0.00000
vn -1.00000 0.00000 0.00000
vn -1.00000 0.00000 0.00000
vn 0.00000 1.00000 0.00000
vn 0.00000 1.00000 0.00000
vn 0.00000 -1.00000 0.00000
vn 0.00000 -1.00000 0.00000
vn -0.95106 0.00000 -0.30901
vn -0.95106 0.00000 -0.30901
vn -0.58778 0.00000 -0.80902
vn -0.58778 0.00000 -0.80902
vn 0.00000 0.00000 -1.00000
vn 0.00000 0.00000 -1.00000
vn 0.58778 0.00000 -0.80902
vn 0.58778 0.00000 -0.80902
vn 0.95106 0.00000 -0.30901
vn 0.95106 0.00000 -0.30901
vn 0.95106 0.00000 0.30901
vn 0.95106 -0.00000 0.30901
vn 0.58778 0.00000 0.80902
vn 0.58778 -0.00000 0.80902
vn 0.00000 0.00000 1.00000
vn 0.00000 0.00000 1.00000
vn -0.58778 0.00000 0.80902
vn -0.58778 0.00000 0.80902
vn -0.95106 0.00000 0.30901
vn -0.95106 0.00000 0.30901
vn 0.00000 1.00000 0.00000
vn 0.00000 -1.00000 0.00000
vn 0.00000 1.00000 0.00000
vn 0.00000 -1.00000 0.00000
vn 0.00000 1.00000 -0.00000
vn 0.00000 -1.00000 0.00000
vn 0.00000 1.00000 0.00000
vn 0.00000 -1.00000 0.00000
vn 0.00000 1.00000 0.00000
vn 0.00000 -1.00000 0.00000
vn 0.00000 1.00000 0.00000
vn -0.00000 -1.00000 0.00000
vn 0.00000 1.00000 0.00000
vn 0.00000 -1.00000 0.00000
vn 0.00000 1.00000 0.00000
vn 0.00000 -1.00000 -0.00000
vn 0.00000 1.00000 0.00000
vn 0.00000 -1.00000 0.00000
vn -0.00000 1.00000 0.00000
vn 0.00000 -1.00000 0.00000
vn -0.95106 0.00000 -0.30902
vn -0.95106 0.00000 -0.30902
vn -0.58778 0.00000 -0.80902
vn -0.58778 0.00000 -0.80902
vn 0.00000 0.00000 -1.00000
vn 0.00000 0.00000 -1.00000
vn 0.58778 0.00000 -0.80902
vn 0.58778 0.00000 -0.80902
vn 0.95106 0.00000 -0.30902
vn 0.95106 0.00000 -0.30902
vn 0.95106 0.00000 0.30902
vn 0.95106 -0.00000 0.30902
vn 0.58778 0.00000 0.80902
vn 0.58778 -0.00000 0.80902
vn 0.00000 0.00000 1.00000
vn 0.00000 0.00000 1.00000
vn -0.58778 0.00000 0.80902
vn -0.58778 0.00000 0.80902
vn -0.95106 0.00000 0.30902
vn -0.95106 0.00000 0.30902
vn 0.00000 1.00000 0.00000
vn 0.00000 -1.00000 0.00000
vn 0.00000 1.00000 0.00000
vn 0.00000 -1.00000 0.00000
vn 0.00000 1.00000 -0.00000
vn 0.00000 -1.00000 0.00000
vn 0.00000 1.00000 0.00000
vn 0.00000 -1.00000 0.00000
vn 0.00000 1.00000 0.00000
vn 0.00000 -1.00000 0.00000
vn 0.00000 1.00000 0.00000
vn -0.00000 -1.00000 0.00000
vn 0.00000 1.00000 0.00000
vn 0.00000 -1.00000 0.00000
vn 0.00000 1.00000 0.00000
vn 0.00000 -1.00000 -0.00000
vn 0.00000 1.00000 0.00000
vn 0.00000 -1.00000 0.00000
vn -0.00000 1.00000 0.00000
vn 0.00000 -1.00000 0.00000
vn -0.30747 -0.94630 -0.09990
vn -0.19003 -0.94630 -0.26155
vn 0.00000 -0.94630 -0.32329
vn 0.19003 -0.94630 -0.26155
vn 0.30747 -0.94630 -0.09990
vn 0.30747 -0.94630 0.09990
vn 0.19003 -0.94630 0.26155
vn 0.00000 -0.94630 0.32329
vn -0.19003 -0.94630 0.26155
vn -0.30747 -0.94630 0.09990
vn -0.78244 -0.56847 -0.25423
vn -0.78243 -0.56847 -0.25423
vn -0.48357 -0.56847 -0.66558
vn -0.48357 -0.56847 -0.66558
vn 0.00000 -0.56847 -0.82270
vn -0.00000 -0.56847 -0.82270
vn 0.48357 -0.56847 -0.66558
vn 0.48357 -0.56847 -0.66558
vn 0.78244 -0.56847 -0.25423
vn 0.78244 -0.56847 -0.25423
vn 0.78244 -0.56847 0.25423
vn 0.78243 -0.56847 0.25423
vn 0.48357 -0.56847 0.66558
vn 0.48357 -0.56847 0.66558
vn 0.00000 -0.56847 0.82270
vn 0.00000 -0.56847 0.82270
vn -0.48357 -0.56847 0.66558
vn -0.48357 -0.56847 0.66558
vn -0.78244 -0.56847 0.25423
vn -0.78244 -0.56847 0.25423
vn -0.95106 -0.00000 -0.30902
vn -0.95106 0.00000 -0.30902
vn -0.58779 -0.00000 -0.80902
vn -0.58779 0.00000 -0.80902
vn 0.00000 -0.00000 -1.00000
vn -0.00000 0.00000 -1.00000
vn 0.58779 0.00000 -0.80902
vn 0.58779 0.00000 -0.80902
vn 0.95106 0.00000 -0.30902
vn 0.95106 0.00000 -0.30902
vn 0.95106 0.00000 0.30902
vn 0.95106 0.00000 0.30902
vn 0.58779 0.00000 0.80902
vn 0.58779 0.00000 0.80902
vn 0.00000 0.00000 1.00000
vn -0.00000 0.00000 1.00000
vn -0.58779 0.00000 0.80902
vn -0.58779 0.00000 0.80902
vn -0.95106 0.00000 0.30902
vn -0.95106 0.00000 0.30902
vn -0.78244 0.56847 -0.25423
vn -0.78244 0.56847 -0.25423
vn -0.48357 0.56847 -0.66558
vn -0.48357 0.56847 -0.66558
vn 0.00000 0.56847 -0.82270
vn 0.00000 0.56847 -0.82270
vn 0.48357 0.56847 -0.66558
vn 0.48357 0.56847 -0.66558
vn 0.78243 0.56847 -0.25423
vn 0.78244 0.56847 -0.25423
vn 0.78244 0.56847 0.25423
vn 0.78244 0.56847 0.25423
vn 0.48357 0.56847 0.66558
vn 0.48357 0.56847 0.66558
vn 0.00000 0.56847 0.82270
vn -0.00000 0.56847 0.82270
vn -0.48357 0.56847 0.66558
vn -0.48357 0.56847 0.66558
vn -0.78243 0.56847 0.25423
vn -0.78244 0.56847 0.25423
vn -0.30747 0.94630 -0.09990
vn -0.19003 0.94630 -0.26155
vn 0.00000 0.94630 -0.32329
vn 0.19003 0.94630 -0.26155
vn 0.30747 0.94630 -0.09990
vn 0.30747 0.94630 0.09990
vn 0.19003 0.94630 0.26155
vn 0.00000 0.94630 0.32329
vn -0.19003 0.94630 0.26155
vn -0.30747 0.94630 0.09990
vn 0.00000 0.00000 1.00000
vn 0.00000 0.00000 1.00000
vn 0.00000 0.00000 -1.00000
vn 0.00000 0.00000 -1.00000
vn 1.00000 0.00000 0.00000
vn 1.00000 -0.00000 0.00000
vn -1.00000 0.00000 0.00000
vn -1.00000 0.00000 0.00000
vn 0.00000 1.00000 0.00000
vn 0.00000 1.00000 0.00000
vn 0.00000 -1.00000 0.00000
vn 0.00000 -1.00000 0.00000
vn -0.95106 0.00000 -0.30901
vn -0.95106 0.00000 -0.30901
vn -0.58778 0.00000 -0.80902
vn -0.58778 0.00000 -0.80902
vn 0.00000 0.00000 -1.00000
vn 0.00000 0.00000 -1.00000
vn 0.58778 0.00000 -0.80902
vn 0.58778 0.00000 -0.80902
vn 0.95106 0.00000 -0.30901
vn 0.95106 0.00000 -0.30901
vn 0.95106 0.00000 0.30901
vn 0.95106 -0.00000 0.30901
vn 0.58778 0.00000 0.80902
vn 0.58778 -0.00000 0.80902
vn 0.00000 0.00000 1.00000
vn 0.00000 0.00000 1.00000
vn -0.58778 0.00000 0.80902
vn -0.58778 0.00000 0.80902
vn -0.95106 0.00000 0.30901
vn -0.95106 0.00000 0.30901
vn 0.00000 1.00000 0.00000
vn 0.00000 -1.00000 0.00000
vn 0.00000 1.00000 0.00000
vn 0.00000 -1.00000 0.00000
vn 0.00000 1.00000 -0.00000
vn 0.00000 -1.00000 0.00000
vn 0.00000 1.00000 0.00000
vn 0.00000 -1.00000 0.00000
vn 0.00000 1.00000 0.00000
vn 0.00000 -1.00000 0.00000
vn 0.00000 1.00000 0.00000
vn -0.00000 -1.00000 0.00000
vn 0.00000 1.00000 0.00000
vn 0.00000 -1.00000 0.00000
vn 0.00000 1.00000 0.00000
vn 0.00000 -1.00000 -0.00000
vn 0.00000 1.00000 0.00000
vn 0.00000 -1.00000 0.00000
vn -0.00000 1.00000 0.00000
vn 0.00000 -1.00000 0.00000
vn -0.95106 0.00000 -0.30902
vn -0.95106 0.00000 -0.30902
vn -0.58778 0.00000 -0.80902
vn -0.58778 0.00000 -0.80902
vn 0.00000 0.00000 -1.00000
vn 0.00000 0.00000 -1.00000
vn 0.58778 0.00000 -0.80902
vn 0.58778 0.00000 -0.80902
vn 0.95106 0.00000 -0.30902
vn 0.95106 0.00000 -0.30902
vn 0.95106 0.00000 0.30902
vn 0.95106 -0.00000 0.30902
vn 0.58778 0.00000 0.80902
vn 0.58778 -0.00000 0.80902
vn 0.00000 0.00000 1.00000
vn 0.00000 0.00000 1.00000
vn -0.58778 0.00000 0.80902
vn -0.58778 0.00000 0.80902
vn -0.95106 0.00000 0.30902
vn -0.95106 0.00000 0.30902
vn 0.00000 1.00000 0.00000
vn 0.00000 -1.00000 0.00000
vn 0.00000 1.00000 0.00000
vn 0.00000 -1.00000 0.00000
vn 0.00000 1.00000 -0.00000
vn 0.00000 -1.00000 0.00000
vn 0.00000 1.00000 0.00000
vn 0.00000 -1.00000 0.00000
vn 0.00000 1.00000 0.00000
vn 0.00000 -1.00000 0.00000
vn 0.00000 1.00000 0.00000
vn -0.00000 -1.00000 0.00000
vn 0.00000 1.00000 0.00000
vn 0.00000 -1.00000 0.00000
vn 0.00000 1.00000 0.00000
vn 0.00000 -1.00000 -0.00000
vn 0.00000 1.00000 0.00000
vn 0.00000 -1.00000 0.00000
vn -0.00000 1.00000 0.00000
vn 0.00000 -1.00000 0.00000
vn -0.30747 -0.94630 -0.09990
vn -0.19003 -0.94630 -0.26155
vn 0.00000 -0.94630 -0.32329
vn 0.19003 -0.94630 -0.26155
vn 0.30747 -0.94630 -0.09990
vn 0.30747 -0.94630 0.09990
vn 0.19003 -0.94630 0.26155
vn 0.00000 -0.94630 0.32329
vn -0.19003 -0.94630 0.26155
vn -0.30747 -0.94630 0.09990
vn -0.78244 -0.56847 -0.25423
vn -0.78243 -0.56847 -0.25423
vn -0.48357 -0.56847 -0.66558
vn -0.48357 -0.56847 -0.66558
vn 0.00000 -0.56847 -0.82270
vn -0.00000 -0.56847 -0.82270
vn 0.48357 -0.56847 -0.66558
vn 0.48357 -0.56847 -0.66558
vn 0.78244 -0.56847 -0.25423
vn 0.78244 -0.56847 -0.25423
vn 0.78244 -0.56847 0.25423
vn 0.78243 -0.56847 0.25423
vn 0.48357 -0.56847 0.66558
vn 0.48357 -0.56847 0.66558
vn 0.00000 -0.56847 0.82270
vn 0.00000 -0.56847 0.82270
vn -0.48357 -0.56847 0.66558
vn -0.48357 -0.56847 0.66558
vn -0.78244 -0.56847 0.25423
vn -0.78244 -0.56847 0.25423
vn -0.95106 -0.00000 -0.30902
vn -0.95106 0.00000 -0.30902
vn -0.58779 -0.00000 -0.80902
vn -0.58779 0.00000 -0.80902
vn 0.00000 -0.00000 -1.00000
vn -0.00000 0.00000 -1.00000
vn 0.58779 0.00000 -0.80902
vn 0.58779 0.00000 -0.80902
vn 0.95106 0.00000 -0.30902
vn 0.95106 0.00000 -0.30902
vn 0.95106 0.00000 0.30902
vn 0.95106 0.00000 0.30902
vn 0.58779 0.00000 0.80902
vn 0.58779 0.00000 0.80902
vn 0.00000 0.00000 1.00000
vn -0.00000 0.00000 1.00000
vn -0.58779 0.00000 0.80902
vn -0.58779 0.00000 0.80902
vn -0.95106 0.00000 0.30902
vn -0.95106 0.00000 0.30902
vn -0.78244 0.56847 -0.25423
vn -0.78244 0.56847 -0.25423
vn -0.48357 0.56847 -0.66558
vn -0.48357 0.56847 -0.66558
vn 0.00000 0.56847 -0.82270
vn 0.00000 0.56847 -0.82270
vn 0.48357 0.56847 -0.66558
vn 0.48357 0.56847 -0.66558
vn 0.78243 0.56847 -0.25423
vn 0.78244 0.56847 -0.25423
vn 0.78244 0.56847 0.25423
vn 0.78244 0.56847 0.25423
vn 0.48357 0.56847 0.66558
vn 0.48357 0.56847 0.66558
vn 0.00000 0.56847 0.82270
vn -0.00000 0.56847 0.82270
vn -0.48357 0.56847 0.66558
vn -0.48357 0.56847 0.66558
vn -0.78243 0.56847 0.25423
vn -0.78244 0.56847 0.25423
vn -0.30747 0.94630 -0.09990
vn -0.19003 0.94630 -0.26155
vn 0.00000 0.94630 -0.32329
vn 0.19003 0.94630 -0.26155
vn 0.30747 0.94630 -0.09990
vn 0.30747 0.94630 0.09990
vn 0.19003 0.94630 0.26155
vn 0.00000 0.94630 0.32329
vn -0.19003 0.94630 0.26155
vn -0.30747 0.94630 0.09990
vn 0.00000 0.00000 1.00000
vn 0.00000 0.00000 1.00000
vn 0.00000 0.00000 -1.00000
vn 0.00000 0.00000 -1.00000
vn 1.00000 0.00000 0.00000
vn 1.00000 -0.00000 0.00000
vn -1.00000 0.00000 0.00000
vn -1.00000 0.00000 0.00000
vn 0.00000 1.00000 0.00000
vn 0.00000 1.00000 0.00000
vn 0.00000 -1.00000 0.00000
vn 0.00000 -1.00000 0.00000
vn 0.00703 0.58774 -0.80902
vn 0.00703 0.58774 -0.80902
vn 0.01137 0.95099 0.30902
vn 0.01137 0.95099 0.30902
vn 0.00000 0.00000 1.00000
vn 0.00000 0.00000 1.00000
vn -0.01137 -0.95099 0.30902
vn -0.01137 -0.95099 0.30902
vn -0.00703 -0.58774 -0.80902
vn -0.00703 -0.58774 -0.80902
vn -0.00703 0.58774 -0.80902
vn -0.00703 0.58774 -0.80902
vn -0.01137 0.95099 0.30902
vn -0.01137 0.95099 0.30902
vn -0.00000 0.00000 1.00000
vn 0.00000 0.00000 1.00000
vn 0.01137 -0.95099 0.30902
vn 0.01137 -0.95099 0.30902
vn 0.00703 -0.58774 -0.80902
vn 0.00703 -0.58774 -0.80902
vn 0.00000 0.58779 -0.80902
vn 0.00000 0.58779 -0.80902
vn 0.00000 0.95106 0.30902
vn -0.00000 0.95106 0.30902
vn 0.00000 0.00000 1.00000
vn -0.00000 0.00000 1.00000
vn 0.00000 -0.95106 0.30902
vn 0.00000 -0.95106 0.30902
vn 0.00000 -0.58779 -0.80902
vn 0.00000 -0.58779 -0.80902
vn 0.00000 0.58779 -0.80902
vn 0.00000 0.58779 -0.80902
vn 0.00000 0.95106 0.30902
vn -0.00000 0.95106 0.30902
vn 0.00000 0.00000 1.00000
vn -0.00000 0.00000 1.00000
vn 0.00000 -0.95106 0.30902
vn 0.00000 -0.95106 0.30902
vn 0.00000 -0.58779 -0.80902
vn 0.00000 -0.58779 -0.80902
vn 0.00703 0.58774 -0.80902
vn 0.00703 0.58774 -0.80902
vn 0.01137 0.95099 0.30902
vn 0.01137 0.95099 0.30902
vn 0.00000 0.00000 1.00000
vn 0.00000 0.00000 1.00000
vn -0.01137 -0.95099 0.30902
vn -0.01137 -0.95099 0.30902
vn -0.00703 -0.58774 -0.80902
vn -0.00703 -0.58774 -0.80902
vn -0.00703 0.58774 -0.80902
vn -0.00703 0.58774 -0.80902
vn -0.01137 0.95099 0.30902
vn -0.01137 0.95099 0.30902
vn -0.00000 0.00000 1.00000
vn 0.00000 0.00000 1.00000
vn 0.01137 -0.95099 0.30902
vn 0.01137 -0.95099 0.30902
vn 0.00703 -0.58774 -0.80902
vn 0.00703 -0.58774 -0.80902
vn 0.00000 0.58779 -0.80902
vn 0.00000 0.58779 -0.80902
vn 0.00000 0.95106 0.30902
vn -0.00000 0.95106 0.30902
vn 0.00000 0.00000 1.00000
vn -0.00000 0.00000 1.00000
vn 0.00000 -0.95106 0.30902
vn 0.00000 -0.95106 0.30902
vn 0.00000 -0.58779 -0.80902
vn 0.00000 -0.58779 -0.80902
vn 0.00000 0.58779 -0.80902
vn 0.00000 0.58779 -0.80902
vn 0.00000 0.95106 0.30902
vn -0.00000 0.95106 0.30902
vn 0.00000 0.00000 1.00000
vn -0.00000 0.00000 1.00000
vn 0.00000 -0.95106 0.30902
vn 0.00000 -0.95106 0.30902
vn 0.00000 -0.58779 -0.80902
vn 0.00000 -0.58779 -0.80902
vn 0.00703 0.58774 -0.80902
vn 0.00703 0.58774 -0.80902
vn 0.01137 0.95099 0.30902
vn 0.01137 0.95099 0.30902
vn 0.00000 0.00000 1.00000
vn 0.00000 0.00000 1.00000
vn -0.01137 -0.95099 0.30902
vn -0.01137 -0.95099 0.30902
vn -0.00703 -0.58774 -0.80902
vn -0.00703 -0.58774 -0.80902
vn -0.00703 0.58774 -0.80902
vn -0.00703 0.58774 -0.80902
vn -0.01137 0.95099 0.30902
vn -0.01137 0.95099 0.30902
vn -0.00000 0.00000 1.00000
vn 0.00000 0.00000 1.00000
vn 0.01137 -0.95099 0.30902
vn 0.01137 -0.95099 0.30902
vn 0.00703 -0.58774 -0.80902
vn 0.00703 -0.58774 -0.80902
vn 0.00000 0.58779 -0.80902
vn 0.00000 0.58779 -0.80902
vn 0.00000 0.95106 0.30902
vn -0.00000 0.95106 0.30902
vn 0.00000 0.00000 1.00000
vn -0.00000 0.00000 1.00000
vn 0.00000 -0.95106 0.30901
vn 0.00000 -0.95106 0.30901
vn 0.00000 -0.58779 -0.80902
vn 0.00000 -0.58779 -0.80902
vn 0.00000 0.58779 -0.80902
vn 0.00000 0.58779 -0.80902
vn 0.00000 0.95106 0.30902
vn -0.00000 0.95106 0.30902
vn 0.00000 0.00000 1.00000
vn -0.00000 0.00000 1.00000
vn 0.00000 -0.95106 0.30901
vn 0.00000 -0.95106 0.30901
vn 0.00000 -0.58779 -0.80902
vn 0.00000 -0.58779 -0.80902
vn 0.00703 0.58774 -0.80902
vn 0.00703 0.58774 -0.80902
vn 0.01137 0.95099 0.30902
vn 0.01137 0.95099 0.30902
vn 0.00000 0.00000 1.00000
vn 0.00000 0.00000 1.00000
vn -0.01137 -0.95099 0.30902
vn -0.01137 -0.95099 0.30902
vn -0.00703 -0.58774 -0.80902
vn -0.00703 -0.58774 -0.80902
vn -0.00703 0.58774 -0.80902
vn -0.00703 0.58774 -0.80902
vn -0.01137 0.95099 0.30902
vn -0.01137 0.95099 0.30902
vn -0.00000 0.00000 1.00000
vn 0.00000 0.00000 1.00000
vn 0.01137 -0.95099 0.30902
vn 0.01137 -0.95099 0.30902
vn 0.00703 -0.58774 -0.80902
vn 0.00703 -0.58774 -0.80902
vn 0.00000 0.58779 -0.80902
vn 0.00000 0.58779 -0.80902
vn 0.00000 0.95106 0.30902
vn -0.00000 0.95106 0.30902
vn 0.00000 0.00000 1.00000
vn -0.00000 0.00000 1.00000
vn 0.00000 -0.95106 0.30901
vn 0.00000 -0.95106 0.30901
vn 0.00000 -0.58779 -0.80902
vn 0.00000 -0.58779 -0.80902
vn 0.00000 0.58779 -0.80902
vn 0.00000 0.58779 -0.80902
vn 0.00000 0.95106 0.30902
vn -0.00000 0.95106 0.30902
vn 0.00000 0.00000 1.00000
vn -0.00000 0.00000 1.00000
vn 0.00000 -0.95106 0.30901
vn 0.00000 -0.95106 0.30901
vn 0.00000 -0.58779 -0.80902
vn 0.00000 -0.58779 -0.80902
vn 0.80902 0.58774 0.00703
vn 0.80902 0.58774 0.00703
vn -0.30902 0.95099 0.01137
vn -0.30902 0.95099 0.01137
vn -1.00000 -0.00000 0.00000
vn -1.00000 0.00000 0.00000
vn -0.30902 -0.95099 -0.01137
vn -0.30902 -0.95099 -0.01137
vn 0.80902 -0.58774 -0.00703
vn 0.80902 -0.58774 -0.00703
vn 0.80902 0.58774 -0.00703
vn 0.80902 0.58774 -0.00703
vn -0.30902 0.95099 -0.01137
vn -0.30902 0.95099 -0.01137
vn -1.00000 0.00000 0.00000
vn -1.00000 0.00000 0.00000
vn -0.30902 -0.95099 0.01137
vn -0.30902 -0.95099 0.01137
vn 0.80902 -0.58774 0.00703
vn 0.80902 -0.58774 0.00703
vn 0.80902 0.58779 0.00000
vn 0.80902 0.58779 -0.00000
vn -0.30902 0.95106 0.00000
vn -0.30902 0.95106 0.00000
vn -1.00000 0.00000 0.00000
vn -1.00000 0.00000 0.00000
vn -0.30902 -0.95106 0.00000
vn -0.30902 -0.95106 0.00000
vn 0.80902 -0.58779 0.00000
vn 0.80902 -0.58779 0.00000
vn 0.80902 0.58779 0.00000
vn 0.80902 0.58779 -0.00000
vn -0.30902 0.95106 0.00000
vn -0.30902 0.95106 0.00000
vn -1.00000 0.00000 0.00000
vn -1.00000 0.00000 0.00000
vn -0.30902 -0.95106 0.00000
vn -0.30902 -0.95106 0.00000
vn 0.80902 -0.58779 0.00000
vn 0.80902 -0.58779 0.00000
vn 0.80902 0.58774 0.00703
vn 0.80902 0.58774 0.00703
vn -0.30902 0.95099 0.01137
vn -0.30902 0.95099 0.01137
vn -1.00000 -0.00000 0.00000
vn -1.00000 0.00000 0.00000
vn -0.30902 -0.95099 -0.01137
vn -0.30902 -0.95099 -0.01137
vn 0.80902 -0.58774 -0.00703
vn 0.80902 -0.58774 -0.00703
vn 0.80902 0.58774 -0.00703
vn 0.80902 0.58774 -0.00703
vn -0.30902 0.95099 -0.01137
vn -0.30902 0.95099 -0.01137
vn -1.00000 0.00000 0.00000
vn -1.00000 0.00000 0.00000
vn -0.30902 -0.95099 0.01137
vn -0.30902 -0.95099 0.01137
vn 0.80902 -0.58774 0.00703
vn 0.80902 -0.58774 0.00703
vn 0.80902 0.58779 0.00000
vn 0.80902 0.58779 -0.00000
vn -0.30902 0.95106 0.00000
vn -0.30902 0.95106 0.00000
vn -1.00000 0.00000 0.00000
vn -1.00000 0.00000 0.00000
vn -0.30902 -0.95106 0.00000
vn -0.30902 -0.95106 0.00000
vn 0.80902 -0.58779 0.00000
vn 0.80902 -0.58779 0.00000
vn 0.80902 0.58779 0.00000
vn 0.80902 0.58779 -0.00000
vn -0.30902 0.95106 0.00000
vn -0.30902 0.95106 0.00000
vn -1.00000 0.00000 0.00000
vn -1.00000 0.00000 0.00000
vn -0.30902 -0.95106 0.00000
vn -0.30902 -0.95106 0.00000
vn 0.80902 -0.58779 0.00000
vn 0.80902 -0.58779 0.00000
vn 0.80902 0.58774 0.00703
vn 0.80902 0.58774 0.00703
vn -0.30902 0.95099 0.01137
vn -0.30902 0.95099 0.01137
vn -1.00000 -0.00000 0.00000
vn -1.00000 0.00000 0.00000
vn -0.30902 -0.95099 -0.01137
vn -0.30902 -0.95099 -0.01137
vn 0.80902 -0.58774 -0.00703
vn 0.80902 -0.58774 -0.00703
vn 0.80902 0.58774 -0.00703
vn 0.80902 0.58774 -0.00703
vn -0.30902 0.95099 -0.01137
vn -0.30902 0.95099 -0.01137
vn -1.00000 0.00000 0.00000
vn -1.00000 0.00000 0.00000
vn -0.30902 -0.95099 0.01137
vn -0.30902 -0.95099 0.01137
vn 0.80902 -0.58774 0.00703
vn 0.80902 -0.58774 0.00703
vn 0.80902 0.58779 0.00000
vn 0.80902 0.58779 -0.00000
vn -0.30902 0.95106 0.00000
vn -0.30902 0.95106 0.00000
vn -1.00000 0.00000 0.00000
vn -1.00000 0.00000 0.00000
vn -0.30901 -0.95106 0.00000
vn -0.30901 -0.95106 0.00000
vn 0.80902 -0.58779 0.00000
vn 0.80902 -0.58779 0.00000
vn 0.80902 0.58779 0.00000
vn 0.80902 0.58779 -0.00000
vn -0.30902 0.95106 0.00000
vn -0.30902 0.95106 0.00000
vn -1.00000 0.00000 0.00000
vn -1.00000 0.00000 0.00000
vn -0.30901 -0.95106 0.00000
vn -0.30901 -0.95106 0.00000
vn 0.80902 -0.58779 0.00000
vn 0.80902 -0.58779 0.00000
vn 0.80902 0.58774 0.00703
vn 0.80902 0.58774 0.00703
vn -0.30902 0.95099 0.01137
vn -0.30902 0.95099 0.01137
vn -1.00000 -0.00000 0.00000
vn -1.00000 0.00000 0.00000
vn -0.30902 -0.95099 -0.01137
vn -0.30902 -0.95099 -0.01137
vn 0.80902 -0.58774 -0.00703
vn 0.80902 -0.58774 -0.00703
vn 0.80902 0.58774 -0.00703
vn 0.80902 0.58774 -0.00703
vn -0.30902 0.95099 -0.01137
vn -0.30902 0.95099 -0.01137
vn -1.00000 0.00000 0.00000
vn -1.00000 0.00000 0.00000
vn -0.30902 -0.95099 0.01137
vn -0.30902 -0.95099 0.01137
vn 0.80902 -0.58774 0.00703
vn 0.80902 -0.58774 0.00703
vn 0.80902 0.58779 0.00000
vn 0.80902 0.58779 -0.00000
vn -0.30902 0.95106 0.00000
vn -0.30902 0.95106 0.00000
vn -1.00000 0.00000 0.00000
vn -1.00000 0.00000 0.00000
vn -0.30901 -0.95106 0.00000
vn -0.30901 -0.95106 0.00000
vn 0.80902 -0.58779 0.00000
vn 0.80902 -0.58779 0.00000
vn 0.80902 0.58779 0.00000
vn 0.80902 0.58779 -0.00000
vn -0.30902 0.95106 0.00000
vn -0.30902 0.95106 0.00000
vn -1.00000 0.00000 0.00000
vn -1.00000 0.00000 0.00000
vn -0.30901 -0.95106 0.00000
vn -0.30901 -0.95106 0.00000
vn 0.80902 -0.58779 0.00000
vn 0.80902 -0.58779 0.00000
vn -0.00703 0.58774 0.80902
vn -0.00703 0.58774 0.80902
vn -0.01137 0.95099 -0.30902
vn -0.01137 0.95099 -0.30902
vn 0.00000 -0.00000 -1.00000
vn 0.00000 0.00000 -1.00000
vn 0.01137 -0.95099 -0.30902
vn 0.01137 -0.95099 -0.30902
vn 0.00703 -0.58774 0.80902
vn 0.00703 -0.58774 0.80902
vn 0.00703 0.58774 0.80902
vn 0.00703 0.58774 0.80902
vn 0.01137 0.95099 -0.30902
vn 0.01137 0.95099 -0.30902
vn -0.00000 0.00000 -1.00000
vn 0.00000 0.00000 -1.00000
vn -0.01137 -0.95099 -0.30902
vn -0.01137 -0.95099 -0.30902
vn -0.00703 -0.58774 0.80902
vn -0.00703 -0.58774 0.80902
vn 0.00000 0.58779 0.80902
vn 0.00000 0.58779 0.80902
vn 0.00000 0.95106 -0.30902
vn 0.00000 0.95106 -0.30902
vn 0.00000 -0.00000 -1.00000
vn -0.00000 0.00000 -1.00000
vn 0.00000 -0.95106 -0.30902
vn -0.00000 -0.95106 -0.30902
vn 0.00000 -0.58779 0.80902
vn 0.00000 -0.58779 0.80902
vn 0.00000 0.58779 0.80902
vn 0.00000 0.58779 0.80902
vn 0.00000 0.95106 -0.30902
vn 0.00000 0.95106 -0.30902
vn 0.00000 -0.00000 -1.00000
vn -0.00000 0.00000 -1.00000
vn 0.00000 -0.95106 -0.30902
vn -0.00000 -0.95106 -0.30902
vn 0.00000 -0.58779 0.80902
vn 0.00000 -0.58779 0.80902
vn -0.00703 0.58774 0.80902
vn -0.00703 0.58774 0.80902
vn -0.01137 0.95099 -0.30902
vn -0.01137 0.95099 -0.30902
vn 0.00000 -0.00000 -1.00000
vn 0.00000 0.00000 -1.00000
vn 0.01137 -0.95099 -0.30902
vn 0.01137 -0.95099 -0.30902
vn 0.00703 -0.58774 0.80902
vn 0.00703 -0.58774 0.80902
vn 0.00703 0.58774 0.80902
vn 0.00703 0.58774 0.80902
vn 0.01137 0.95099 -0.30902
vn 0.01137 0.95099 -0.30902
vn -0.00000 0.00000 -1.00000
vn 0.00000 0.00000 -1.00000
vn -0.01137 -0.95099 -0.30902
vn -0.01137 -0.95099 -0.30902
vn -0.00703 -0.58774 0.80902
vn -0.00703 -0.58774 0.80902
vn 0.00000 0.58779 0.80902
vn 0.00000 0.58779 0.80902
vn 0.00000 0.95106 -0.30902
vn 0.00000 0.95106 -0.30902
vn 0.00000 -0.00000 -1.00000
vn -0.00000 0.00000 -1.00000
vn 0.00000 -0.95106 -0.30902
vn -0.00000 -0.95106 -0.30902
vn 0.00000 -0.58779 0.80902
vn 0.00000 -0.58779 0.80902
vn 0.00000 0.58779 0.80902
vn 0.00000 0.58779 0.80902
vn 0.00000 0.95106 -0.30902
vn 0.00000 0.95106 -0.30902
vn 0.00000 -0.00000 -1.00000
vn -0.00000 0.00000 -1.00000
vn 0.00000 -0.95106 -0.30902
vn -0.00000 -0.95106 -0.30902
vn 0.00000 -0.58779 0.80902
vn 0.00000 -0.58779 0.80902
vn -0.00703 0.58774 0.80902
vn -0.00703 0.58774 0.80902
vn -0.01137 0.95099 -0.30902
vn -0.01137 0.95099 -0.30902
vn 0.00000 -0.00000 -1.00000
vn 0.00000 0.00000 -1.00000
vn 0.01137 -0.95099 -0.30902
vn 0.01137 -0.95099 -0.30902
vn 0.00703 -0.58774 0.80902
vn 0.00703 -0.58774 0.80902
vn 0.00703 0.58774 0.80902
vn 0.00703 0.58774 0.80902
vn 0.01137 0.95099 -0.30902
vn 0.01137 0.95099 -0.30902
vn -0.00000 0.00000 -1.00000
vn 0.00000 0.00000 -1.00000
vn -0.01137 -0.95099 -0.30902
vn -0.01137 -0.95099 -0.30902
vn -0.00703 -0.58774 0.80902
vn -0.00703 -0.58774 0.80902
vn 0.00000 0.58779 0.80902
vn 0.00000 0.58779 0.80902
vn 0.00000 0.95106 -0.30902
vn 0.00000 0.95106 -0.30902
vn 0.00000 -0.00000 -1.00000
vn -0.00000 0.00000 -1.00000
vn 0.00000 -0.95106 -0.30901
vn -0.00000 -0.95106 -0.30901
vn 0.00000 -0.58779 0.80902
vn 0.00000 -0.58779 0.80902
vn 0.00000 0.58779 0.80902
vn 0.00000 0.58779 0.80902
vn 0.00000 0.95106 -0.30902
vn 0.00000 0.95106 -0.30902
vn 0.00000 -0.00000 -1.00000
vn -0.00000 0.00000 -1.00000
vn 0.00000 -0.95106 -0.30901
vn -0.00000 -0.95106 -0.30901
vn 0.00000 -0.58779 0.80902
vn 0.00000 -0.58779 0.80902
vn -0.00703 0.58774 0.80902
vn -0.00703 0.58774 0.80902
vn -0.01137 0.95099 -0.30902
vn -0.01137 0.95099 -0.30902
vn 0.00000 -0.00000 -1.00000
vn 0.00000 0.00000 -1.00000
vn 0.01137 -0.95099 -0.30902
vn 0.01137 -0.95099 -0.30902
vn 0.00703 -0.58774 0.80902
vn 0.00703 -0.58774 0.80902
vn 0.00703 0.58774 0.80902
vn 0.00703 0.58774 0.80902
vn 0.01137 0.95099 -0.30902
vn 0.01137 0.95099 -0.30902
vn -0.00000 0.00000 -1.00000
vn 0.00000 0.00000 -1.00000
vn -0.01137 -0.95099 -0.30902
vn -0.01137 -0.95099 -0.30902
vn -0.00703 -0.58774 0.80902
vn -0.00703 -0.58774 0.80902
vn 0.00000 0.58779 0.80902
vn 0.00000 0.58779 0.80902
vn 0.00000 0.95106 -0.30902
vn 0.00000 0.95106 -0.30902
vn 0.00000 -0.00000 -1.00000
vn -0.00000 0.00000 -1.00000
vn 0.00000 -0.95106 -0.30901
vn -0.00000 -0.95106 -0.30901
vn 0.00000 -0.58779 0.80902
vn 0.00000 -0.58779 0.80902
vn 0.00000 0.58779 0.80902
vn 0.00000 0.58779 0.80902
vn 0.00000 0.95106 -0.30902
vn 0.00000 0.95106 -0.30902
vn 0.00000 -0.00000 -1.00000
vn -0.00000 0.00000 -1.00000
vn 0.00000 -0.95106 -0.30901
vn -0.00000 -0.95106 -0.30901
vn 0.00000 -0.58779 0.80902
vn 0.00000 -0.58779 0.80902
vn -0.80902 0.58774 -0.00703
vn -0.80902 0.58774 -0.00703
vn 0.30902 0.95099 -0.01137
vn 0.30902 0.95099 -0.01137
vn 1.00000 0.00000 0.00000
vn 1.00000 0.00000 0.00000
vn 0.30902 -0.95099 0.01137
vn 0.30902 -0.95099 0.01137
vn -0.80902 -0.58774 0.00703
vn -0.80902 -0.58774 0.00703
vn -0.80902 0.58774 0.00703
vn -0.80902 0.58774 0.00703
vn 0.30902 0.95099 0.01137
vn 0.30902 0.95099 0.01137
vn 1.00000 0.00000 0.00000
vn 1.00000 0.00000 0.00000
vn 0.30902 -0.95099 -0.01137
vn 0.30902 -0.95099 -0.01137
vn -0.80902 -0.58774 -0.00703
vn -0.80902 -0.58774 -0.00703
vn -0.80902 0.58779 0.00000
vn -0.80902 0.58779 0.00000
vn 0.30902 0.95106 0.00000
vn 0.30902 0.95106 0.00000
vn 1.00000 0.00000 0.00000
vn 1.00000 0.00000 0.00000
vn 0.30902 -0.95106 0.00000
vn 0.30902 -0.95106 0.00000
vn -0.80902 -0.58779 0.00000
vn -0.80902 -0.58779 -0.00000
vn -0.80902 0.58779 0.00000
vn -0.80902 0.58779 0.00000
vn 0.30902 0.95106 0.00000
vn 0.30902 0.95106 0.00000
vn 1.00000 0.00000 0.00000
vn 1.00000 0.00000 0.00000
vn 0.30902 -0.95106 0.00000
vn 0.30902 -0.95106 0.00000
vn -0.80902 -0.58779 0.00000
vn -0.80902 -0.58779 -0.00000
vn -0.80902 0.58774 -0.00703
vn -0.80902 0.58774 -0.00703
vn 0.30902 0.95099 -0.01137
vn 0.30902 0.95099 -0.01137
vn 1.00000 0.00000 0.00000
vn 1.00000 0.00000 0.00000
vn 0.30902 -0.95099 0.01137
vn 0.30902 -0.95099 0.01137
vn -0.80902 -0.58774 0.00703
vn -0.80902 -0.58774 0.00703
vn -0.80902 0.58774 0.00703
vn -0.80902 0.58774 0.00703
vn 0.30902 0.95099 0.01137
vn 0.30902 0.95099 0.01137
vn 1.00000 0.00000 0.00000
vn 1.00000 0.00000 0.00000
vn 0.30902 -0.95099 -0.01137
vn 0.30902 -0.95099 -0.01137
vn -0.80902 -0.58774 -0.00703
vn -0.80902 -0.58774 -0.00703
vn -0.80902 0.58779 0.00000
vn -0.80902 0.58779 0.00000
vn 0.30902 0.95106 0.00000
vn 0.30902 0.95106 0.00000
vn 1.00000 0.00000 0.00000
vn 1.00000 0.00000 0.00000
vn 0.30902 -0.95106 0.00000
vn 0.30902 -0.95106 0.00000
vn -0.80902 -0.58779 0.00000
vn -0.80902 -0.58779 -0.00000
vn -0.80902 0.58779 0.00000
vn -0.80902 0.58779 0.00000
vn 0.30902 0.95106 0.00000
vn 0.30902 0.95106 0.00000
vn 1.00000 0.00000 0.00000
vn 1.00000 0.00000 0.00000
vn 0.30902 -0.95106 0.00000
vn 0.30902 -0.95106 0.00000
vn -0.80902 -0.58779 0.00000
vn -0.80902 -0.58779 -0.00000
vn -0.80902 0.58774 -0.00703
vn -0.80902 0.58774 -0.00703
vn 0.30902 0.95099 -0.01137
vn 0.30902 0.95099 -0.01137
vn 1.00000 0.00000 0.00000
vn 1.00000 0.00000 0.00000
vn 0.30902 -0.95099 0.01137
vn 0.30902 -0.95099 0.01137
vn -0.80902 -0.58774 0.00703
vn -0.80902 -0.58774 0.00703
vn -0.80902 0.58774 0.00703
vn -0.80902 0.58774 0.00703
vn 0.30902 0.95099 0.01137
vn 0.30902 0.95099 0.01137
vn 1.00000 0.00000 0.00000
vn 1.00000 0.00000 0.00000
vn 0.30902 -0.95099 -0.01137
vn 0.30902 -0.95099 -0.01137
vn -0.80902 -0.58774 -0.00703
vn -0.80902 -0.58774 -0.00703
vn -0.80902 0.58779 0.00000
vn -0.80902 0.58779 0.00000
vn 0.30902 0.95106 0.00000
vn 0.30902 0.95106 0.00000
vn 1.00000 0.00000 0.00000
vn 1.00000 0.00000 0.00000
vn 0.30901 -0.95106 0.00000
vn 0.30901 -0.95106 0.00000
vn -0.80902 -0.58779 0.00000
vn -0.80902 -0.58779 -0.00000
vn -0.80902 0.58779 0.00000
vn -0.80902 0.58779 0.00000
vn 0.30902 0.95106 0.00000
vn 0.30902 0.95106 0.00000
vn 1.00000 0.00000 0.00000
vn 1.00000 0.00000 0.00000
vn 0.30901 -0.95106 0.00000
vn 0.30901 -0.95106 0.00000
vn -0.80902 -0.58779 0.00000
vn -0.80902 -0.58779 -0.00000
vn -0.80902 0.58774 -0.00703
vn -0.80902 0.58774 -0.00703
vn 0.30902 0.95099 -0.01137
vn 0.30902 0.95099 -0.01137
vn 1.00000 0.00000 0.00000
vn 1.00000 0.00000 0.00000
vn 0.30902 -0.95099 0.01137
vn 0.30902 -0.95099 0.01137
vn -0.80902 -0.58774 0.00703
vn -0.80902 -0.58774 0.00703
vn -0.80902 0.58774 0.00703
vn -0.80902 0.58774 0.00703
vn 0.30902 0.95099 0.01137
vn 0.30902 0.95099 0.01137
vn 1.00000 0.00000 0.00000
vn 1.00000 0.00000 0.00000
vn 0.30902 -0.95099 -0.01137
vn 0.30902 -0.95099 -0.01137
vn -0.80902 -0.58774 -0.00703
vn -0.80902 -0.58774 -0.00703
vn -0.80902 0.58779 0.00000
vn -0.80902 0.58779 0.00000
vn 0.30902 0.95106 0.00000
vn 0.30902 0.95106 0.00000
vn 1.00000 0.00000 0.00000
vn 1.00000 0.00000 0.00000
vn 0.30901 -0.95106 0.00000
vn 0.30901 -0.95106 0.00000
vn -0.80902 -0.58779 0.00000
vn -0.80902 -0.58779 -0.00000
vn -0.80902 0.58779 0.00000
vn -0.80902 0.58779 0.00000
vn 0.30902 0.95106 0.00000
vn 0.30902 0.95106 0.00000
vn 1.00000 0.00000 0.00000
vn 1.00000 0.00000 0.00000
vn 0.30901 -0.95106 0.00000
vn 0.30901 -0.95106 0.00000
vn -0.80902 -0.58779 0.00000
vn -0.80902 -0.58779 -0.00000

usemtl mat_d0d2d8
f 5//1 6//1 7//1
f 5//2 7//2 8//2
f 2//3 1//3 4//3
f 2//4 4//4 3//4
f 6//5 2//5 3//5
f 6//6 3//6 7//6
f 1//7 5//7 8//7
f 1//8 8//8 4//8
f 4//9 8//9 7//9
f 4//10 7//10 3//10
f 1//11 2//11 6//11
f 1//12 6//12 5//12
f 21//25 22//25 23//25
f 21//26 23//26 24//26
f 18//27 17//27 20//27
f 18//28 20//28 19//28
f 22//29 18//29 19//29
f 22//30 19//30 23//30
f 17//31 21//31 24//31
f 17//32 24//32 20//32
f 20//33 24//33 23//33
f 20//34 23//34 19//34
f 17//35 18//35 22//35
f 17//36 22//36 21//36
f 45//61 46//61 47//61
f 45//62 47//62 48//62
f 42//63 41//63 44//63
f 42//64 44//64 43//64
f 46//65 42//65 43//65
f 46//66 43//66 47//66
f 41//67 45//67 48//67
f 41//68 48//68 44//68
f 44//69 48//69 47//69
f 44//70 47//70 43//70
f 41//71 42//71 46//71
f 41//72 46//72 45//72
f 61//85 62//85 63//85
f 61//86 63//86 64//86
f 58//87 57//87 60//87
f 58//88 60//88 59//88
f 62//89 58//89 59//89
f 62//90 59//90 63//90
f 57//91 61//91 64//91
f 57//92 64//92 60//92
f 60//93 64//93 63//93
f 60//94 63//94 59//94
f 57//95 58//95 62//95
f 57//96 62//96 61//96
f 69//97 70//97 71//97
f 69//98 71//98 72//98
f 66//99 65//99 68//99
f 66//100 68//100 67//100
f 70//101 66//101 67//101
f 70//102 67//102 71//102
f 65//103 69//103 72//103
f 65//104 72//104 68//104
f 68//105 72//105 71//105
f 68//106 71//106 67//106
f 65//107 66//107 70//107
f 65//108 70//108 69//108
f 85//121 86//121 87//121
f 85//122 87//122 88//122
f 82//123 81//123 84//123
f 82//124 84//124 83//124
f 86//125 82//125 83//125
f 86//126 83//126 87//126
f 81//127 85//127 88//127
f 81//128 88//128 84//128
f 84//129 88//129 87//129
f 84//130 87//130 83//130
f 81//131 82//131 86//131
f 81//132 86//132 85//132
f 109//157 110//157 111//157
f 109//158 111//158 112//158
f 106//159 105//159 108//159
f 106//160 108//160 107//160
f 110//161 106//161 107//161
f 110//162 107//162 111//162
f 105//163 109//163 112//163
f 105//164 112//164 108//164
f 108//165 112//165 111//165
f 108//166 111//166 107//166
f 105//167 106//167 110//167
f 105//168 110//168 109//168
f 125//181 126//181 127//181
f 125//182 127//182 128//182
f 122//183 121//183 124//183
f 122//184 124//184 123//184
f 126//185 122//185 123//185
f 126//186 123//186 127//186
f 121//187 125//187 128//187
f 121//188 128//188 124//188
f 124//189 128//189 127//189
f 124//190 127//190 123//190
f 121//191 122//191 126//191
f 121//192 126//192 125//192

usemtl mat_c4c6cd
f 13//13 14//13 15//13
f 13//14 15//14 16//14
f 10//15 9//15 12//15
f 10//16 12//16 11//16
f 14//17 10//17 11//17
f 14//18 11//18 15//18
f 9//19 13//19 16//19
f 9//20 16//20 12//20
f 12//21 16//21 15//21
f 12//22 15//22 11//22
f 9//23 10//23 14//23
f 9//24 14//24 13//24
f 29//37 30//37 31//37
f 29//38 31//38 32//38
f 26//39 25//39 28//39
f 26//40 28//40 27//40
f 30//41 26//41 27//41
f 30//42 27//42 31//42
f 25//43 29//43 32//43
f 25//44 32//44 28//44
f 28//45 32//45 31//45
f 28//46 31//46 27//46
f 25//47 26//47 30//47
f 25//48 30//48 29//48
f 37//49 38//49 39//49
f 37//50 39//50 40//50
f 34//51 33//51 36//51
f 34//52 36//52 35//52
f 38//53 34//53 35//53
f 38//54 35//54 39//54
f 33//55 37//55 40//55
f 33//56 40//56 36//56
f 36//57 40//57 39//57
f 36//58 39//58 35//58
f 33//59 34//59 38//59
f 33//60 38//60 37//60
f 53//73 54//73 55//73
f 53//74 55//74 56//74
f 50//75 49//75 52//75
f 50//76 52//76 51//76
f 54//77 50//77 51//77
f 54//78 51//78 55//78
f 49//79 53//79 56//79
f 49//80 56//80 52//80
f 52//81 56//81 55//81
f 52//82 55//82 51//82
f 49//83 50//83 54//83
f 49//84 54//84 53//84
f 77//109 78//109 79//109
f 77//110 79//110 80//110
f 74//111 73//111 76//111
f 74//112 76//112 75//112
f 78//113 74//113 75//113
f 78//114 75//114 79//114
f 73//115 77//115 80//115
f 73//116 80//116 76//116
f 76//117 80//117 79//117
f 76//118 79//118 75//118
f 73//119 74//119 78//119
f 73//120 78//120 77//120
f 93//133 94//133 95//133
f 93//134 95//134 96//134
f 90//135 89//135 92//135
f 90//136 92//136 91//136
f 94//137 90//137 91//137
f 94//138 91//138 95//138
f 89//139 93//139 96//139
f 89//140 96//140 92//140
f 92//141 96//141 95//141
f 92//142 95//142 91//142
f 89//143 90//143 94//143
f 89//144 94//144 93//144
f 101//145 102//145 103//145
f 101//146 103//146 104//146
f 98//147 97//147 100//147
f 98//148 100//148 99//148
f 102//149 98//149 99//149
f 102//150 99//150 103//150
f 97//151 101//151 104//151
f 97//152 104//152 100//152
f 100//153 104//153 103//153
f 100//154 103//154 99//154
f 97//155 98//155 102//155
f 97//156 102//156 101//156
f 117//169 118//169 119//169
f 117//170 119//170 120//170
f 114//171 113//171 116//171
f 114//172 116//172 115//172
f 118//173 114//173 115//173
f 118//174 115//174 119//174
f 113//175 117//175 120//175
f 113//176 120//176 116//176
f 116//177 120//177 119//177
f 116//178 119//178 115//178
f 113//179 114//179 118//179
f 113//180 118//180 117//180

usemtl mat_c41e2e
f 133//193 134//193 135//193
f 133//194 135//194 136//194
f 130//195 129//195 132//195
f 130//196 132//196 131//196
f 134//197 130//197 131//197
f 134//198 131//198 135//198
f 129//199 133//199 136//199
f 129//200 136//200 132//200
f 132//201 136//201 135//201
f 132//202 135//202 131//202
f 129//203 130//203 134//203
f 129//204 134//204 133//204
f 157//229 158//229 159//229
f 157//230 159//230 160//230
f 154//231 153//231 156//231
f 154//232 156//232 155//232
f 158//233 154//233 155//233
f 158//234 155//234 159//234
f 153//235 157//235 160//235
f 153//236 160//236 156//236
f 156//237 160//237 159//237
f 156//238 159//238 155//238
f 153//239 154//239 158//239
f 153//240 158//240 157//240
f 181//265 182//265 183//265
f 181//266 183//266 184//266
f 178//267 177//267 180//267
f 178//268 180//268 179//268
f 182//269 178//269 179//269
f 182//270 179//270 183//270
f 177//271 181//271 184//271
f 177//272 184//272 180//272
f 180//273 184//273 183//273
f 180//274 183//274 179//274
f 177//275 178//275 182//275
f 177//276 182//276 181//276
f 205//301 206//301 207//301
f 205//302 207//302 208//302
f 202//303 201//303 204//303
f 202//304 204//304 203//304
f 206//305 202//305 203//305
f 206//306 203//306 207//306
f 201//307 205//307 208//307
f 201//308 208//308 204//308
f 204//309 208//309 207//309
f 204//310 207//310 203//310
f 201//311 202//311 206//311
f 201//312 206//312 205//312

usemtl mat_1c2c60
f 141//205 142//205 143//205
f 141//206 143//206 144//206
f 138//207 137//207 140//207
f 138//208 140//208 139//208
f 142//209 138//209 139//209
f 142//210 139//210 143//210
f 137//211 141//211 144//211
f 137//212 144//212 140//212
f 140//213 144//213 143//213
f 140//214 143//214 139//214
f 137//215 138//215 142//215
f 137//216 142//216 141//216
f 165//241 166//241 167//241
f 165//242 167//242 168//242
f 162//243 161//243 164//243
f 162//244 164//244 163//244
f 166//245 162//245 163//245
f 166//246 163//246 167//246
f 161//247 165//247 168//247
f 161//248 168//248 164//248
f 164//249 168//249 167//249
f 164//250 167//250 163//250
f 161//251 162//251 166//251
f 161//252 166//252 165//252
f 189//277 190//277 191//277
f 189//278 191//278 192//278
f 186//279 185//279 188//279
f 186//280 188//280 187//280
f 190//281 186//281 187//281
f 190//282 187//282 191//282
f 185//283 189//283 192//283
f 185//284 192//284 188//284
f 188//285 192//285 191//285
f 188//286 191//286 187//286
f 185//287 186//287 190//287
f 185//288 190//288 189//288
f 213//313 214//313 215//313
f 213//314 215//314 216//314
f 210//315 209//315 212//315
f 210//316 212//316 211//316
f 214//317 210//317 211//317
f 214//318 211//318 215//318
f 209//319 213//319 216//319
f 209//320 216//320 212//320
f 212//321 216//321 215//321
f 212//322 215//322 211//322
f 209//323 210//323 214//323
f 209//324 214//324 213//324

usemtl mat_565a68
f 149//217 150//217 151//217
f 149//218 151//218 152//218
f 146//219 145//219 148//219
f 146//220 148//220 147//220
f 150//221 146//221 147//221
f 150//222 147//222 151//222
f 145//223 149//223 152//223
f 145//224 152//224 148//224
f 148//225 152//225 151//225
f 148//226 151//226 147//226
f 145//227 146//227 150//227
f 145//228 150//228 149//228
f 173//253 174//253 175//253
f 173//254 175//254 176//254
f 170//255 169//255 172//255
f 170//256 172//256 171//256
f 174//257 170//257 171//257
f 174//258 171//258 175//258
f 169//259 173//259 176//259
f 169//260 176//260 172//260
f 172//261 176//261 175//261
f 172//262 175//262 171//262
f 169//263 170//263 174//263
f 169//264 174//264 173//264
f 197//289 198//289 199//289
f 197//290 199//290 200//290
f 194//291 193//291 196//291
f 194//292 196//292 195//292
f 198//293 194//293 195//293
f 198//294 195//294 199//294
f 193//295 197//295 200//295
f 193//296 200//296 196//296
f 196//297 200//297 199//297
f 196//298 199//298 195//298
f 193//299 194//299 198//299
f 193//300 198//300 197//300
f 221//325 222//325 223//325
f 221//326 223//326 224//326
f 218//327 217//327 220//327
f 218//328 220//328 219//328
f 222//329 218//329 219//329
f 222//330 219//330 223//330
f 217//331 221//331 224//331
f 217//332 224//332 220//332
f 220//333 224//333 223//333
f 220//334 223//334 219//334
f 217//335 218//335 222//335
f 217//336 222//336 221//336
f 343//523 344//523 345//523
f 343//524 345//524 346//524
f 340//525 339//525 342//525
f 340//526 342//526 341//526
f 344//527 340//527 341//527
f 344//528 341//528 345//528
f 339//529 343//529 346//529
f 339//530 346//530 342//530
f 342//531 346//531 345//531
f 342//532 345//532 341//532
f 339//533 340//533 344//533
f 339//534 344//534 343//534
f 437//695 438//695 439//695
f 437//696 439//696 440//696
f 434//697 433//697 436//697
f 434//698 436//698 435//698
f 438//699 434//699 435//699
f 438//700 435//700 439//700
f 433//701 437//701 440//701
f 433//702 440//702 436//702
f 436//703 440//703 439//703
f 436//704 439//704 435//704
f 433//705 434//705 438//705
f 433//706 438//706 437//706
f 531//867 532//867 533//867
f 531//868 533//868 534//868
f 528//869 527//869 530//869
f 528//870 530//870 529//870
f 532//871 528//871 529//871
f 532//872 529//872 533//872
f 527//873 531//873 534//873
f 527//874 534//874 530//874
f 530//875 534//875 533//875
f 530//876 533//876 529//876
f 527//877 528//877 532//877
f 527//878 532//878 531//878
f 625//1039 626//1039 627//1039
f 625//1040 627//1040 628//1040
f 622//1041 621//1041 624//1041
f 622//1042 624//1042 623//1042
f 626//1043 622//1043 623//1043
f 626//1044 623//1044 627//1044
f 621//1045 625//1045 628//1045
f 621//1046 628//1046 624//1046
f 624//1047 628//1047 627//1047
f 624//1048 627//1048 623//1048
f 621//1049 622//1049 626//1049
f 621//1050 626//1050 625//1050

usemtl mat_bcc0cc
f 225//337 227//337 226//337
f 225//338 228//338 227//338
f 225//339 229//339 228//339
f 225//340 230//340 229//340
f 225//341 231//341 230//341
f 225//342 232//342 231//342
f 225//343 233//343 232//343
f 225//344 234//344 233//344
f 225//345 235//345 234//345
f 225//346 236//346 235//346
f 225//347 237//347 236//347
f 225//348 238//348 237//348
f 225//349 239//349 238//349
f 225//350 240//350 239//350
f 225//351 241//351 240//351
f 225//352 242//352 241//352
f 225//353 243//353 242//353
f 225//354 244//354 243//354
f 225//355 245//355 244//355
f 225//356 246//356 245//356
f 225//357 247//357 246//357
f 225//358 248//358 247//358
f 225//359 249//359 248//359
f 225//360 250//360 249//360
f 225//361 251//361 250//361
f 225//362 252//362 251//362

usemtl mat_d0d2d6
f 253//363 254//363 264//363
f 253//364 264//364 263//364
f 254//365 255//365 265//365
f 254//366 265//366 264//366
f 255//367 256//367 266//367
f 255//368 266//368 265//368
f 256//369 257//369 267//369
f 256//370 267//370 266//370
f 257//371 258//371 268//371
f 257//372 268//372 267//372
f 258//373 259//373 269//373
f 258//374 269//374 268//374
f 259//375 260//375 270//375
f 259//376 270//376 269//376
f 260//377 261//377 271//377
f 260//378 271//378 270//378
f 261//379 262//379 272//379
f 261//380 272//380 271//380
f 262//381 253//381 263//381
f 262//382 263//382 272//382
f 273//383 254//383 253//383
f 274//384 263//384 264//384
f 273//385 255//385 254//385
f 274//386 264//386 265//386
f 273//387 256//387 255//387
f 274//388 265//388 266//388
f 273//389 257//389 256//389
f 274//390 266//390 267//390
f 273//391 258//391 257//391
f 274//392 267//392 268//392
f 273//393 259//393 258//393
f 274//394 268//394 269//394
f 273//395 260//395 259//395
f 274//396 269//396 270//396
f 273//397 261//397 260//397
f 274//398 270//398 271//398
f 273//399 262//399 261//399
f 274//400 271//400 272//400
f 273//401 253//401 262//401
f 274//402 272//402 263//402
f 297//443 298//443 299//443
f 297//444 299//444 300//444
f 297//445 300//445 301//445
f 297//446 301//446 302//446
f 297//447 302//447 303//447
f 297//448 303//448 304//448
f 297//449 304//449 305//449
f 297//450 305//450 306//450
f 297//451 306//451 307//451
f 297//452 307//452 298//452
f 298//453 308//453 309//453
f 298//454 309//454 299//454
f 299//455 309//455 310//455
f 299//456 310//456 300//456
f 300//457 310//457 311//457
f 300//458 311//458 301//458
f 301//459 311//459 312//459
f 301//460 312//460 302//460
f 302//461 312//461 313//461
f 302//462 313//462 303//462
f 303//463 313//463 314//463
f 303//464 314//464 304//464
f 304//465 314//465 315//465
f 304//466 315//466 305//466
f 305//467 315//467 316//467
f 305//468 316//468 306//468
f 306//469 316//469 317//469
f 306//470 317//470 307//470
f 307//471 317//471 308//471
f 307//472 308//472 298//472
f 308//473 318//473 319//473
f 308//474 319//474 309//474
f 309//475 319//475 320//475
f 309//476 320//476 310//476
f 310//477 320//477 321//477
f 310//478 321//478 311//478
f 311//479 321//479 322//479
f 311//480 322//480 312//480
f 312//481 322//481 323//481
f 312//482 323//482 313//482
f 313//483 323//483 324//483
f 313//484 324//484 314//484
f 314//485 324//485 325//485
f 314//486 325//486 315//486
f 315//487 325//487 326//487
f 315//488 326//488 316//488
f 316//489 326//489 327//489
f 316//490 327//490 317//490
f 317//491 327//491 318//491
f 317//492 318//492 308//492
f 318//493 328//493 329//493
f 318//494 329//494 319//494
f 319//495 329//495 330//495
f 319//496 330//496 320//496
f 320//497 330//497 331//497
f 320//498 331//498 321//498
f 321//499 331//499 332//499
f 321//500 332//500 322//500
f 322//501 332//501 333//501
f 322//502 333//502 323//502
f 323//503 333//503 334//503
f 323//504 334//504 324//504
f 324//505 334//505 335//505
f 324//506 335//506 325//506
f 325//507 335//507 336//507
f 325//508 336//508 326//508
f 326//509 336//509 337//509
f 326//510 337//510 327//510
f 327//511 337//511 328//511
f 327//512 328//512 318//512
f 338//513 329//513 328//513
f 338//514 330//514 329//514
f 338//515 331//515 330//515
f 338//516 332//516 331//516
f 338//517 333//517 332//517
f 338//518 334//518 333//518
f 338//519 335//519 334//519
f 338//520 336//520 335//520
f 338//521 337//521 336//521
f 338//522 328//522 337//522
f 347//535 348//535 358//535
f 347//536 358//536 357//536
f 348//537 349//537 359//537
f 348//538 359//538 358//538
f 349//539 350//539 360//539
f 349//540 360//540 359//540
f 350//541 351//541 361//541
f 350//542 361//542 360//542
f 351//543 352//543 362//543
f 351//544 362//544 361//544
f 352//545 353//545 363//545
f 352//546 363//546 362//546
f 353//547 354//547 364//547
f 353//548 364//548 363//548
f 354//549 355//549 365//549
f 354//550 365//550 364//550
f 355//551 356//551 366//551
f 355//552 366//552 365//552
f 356//553 347//553 357//553
f 356//554 357//554 366//554
f 367//555 348//555 347//555
f 368//556 357//556 358//556
f 367//557 349//557 348//557
f 368//558 358//558 359//558
f 367//559 350//559 349//559
f 368//560 359//560 360//560
f 367//561 351//561 350//561
f 368//562 360//562 361//562
f 367//563 352//563 351//563
f 368//564 361//564 362//564
f 367//565 353//565 352//565
f 368//566 362//566 363//566
f 367//567 354//567 353//567
f 368//568 363//568 364//568
f 367//569 355//569 354//569
f 368//570 364//570 365//570
f 367//571 356//571 355//571
f 368//572 365//572 366//572
f 367//573 347//573 356//573
f 368//574 366//574 357//574
f 391//615 392//615 393//615
f 391//616 393//616 394//616
f 391//617 394//617 395//617
f 391//618 395//618 396//618
f 391//619 396//619 397//619
f 391//620 397//620 398//620
f 391//621 398//621 399//621
f 391//622 399//622 400//622
f 391//623 400//623 401//623
f 391//624 401//624 392//624
f 392//625 402//625 403//625
f 392//626 403//626 393//626
f 393//627 403//627 404//627
f 393//628 404//628 394//628
f 394//629 404//629 405//629
f 394//630 405//630 395//630
f 395//631 405//631 406//631
f 395//632 406//632 396//632
f 396//633 406//633 407//633
f 396//634 407//634 397//634
f 397//635 407//635 408//635
f 397//636 408//636 398//636
f 398//637 408//637 409//637
f 398//638 409//638 399//638
f 399//639 409//639 410//639
f 399//640 410//640 400//640
f 400//641 410//641 411//641
f 400//642 411//642 401//642
f 401//643 411//643 402//643
f 401//644 402//644 392//644
f 402//645 412//645 413//645
f 402//646 413//646 403//646
f 403//647 413//647 414//647
f 403//648 414//648 404//648
f 404//649 414//649 415//649
f 404//650 415//650 405//650
f 405//651 415//651 416//651
f 405//652 416//652 406//652
f 406//653 416//653 417//653
f 406//654 417//654 407//654
f 407//655 417//655 418//655
f 407//656 418//656 408//656
f 408//657 418//657 419//657
f 408//658 419//658 409//658
f 409//659 419//659 420//659
f 409//660 420//660 410//660
f 410//661 420//661 421//661
f 410//662 421//662 411//662
f 411//663 421//663 412//663
f 411//664 412//664 402//664
f 412//665 422//665 423//665
f 412//666 423//666 413//666
f 413//667 423//667 424//667
f 413//668 424//668 414//668
f 414//669 424//669 425//669
f 414//670 425//670 415//670
f 415//671 425//671 426//671
f 415//672 426//672 416//672
f 416//673 426//673 427//673
f 416//674 427//674 417//674
f 417//675 427//675 428//675
f 417//676 428//676 418//676
f 418//677 428//677 429//677
f 418//678 429//678 419//678
f 419//679 429//679 430//679
f 419//680 430//680 420//680
f 420//681 430//681 431//681
f 420//682 431//682 421//682
f 421//683 431//683 422//683
f 421//684 422//684 412//684
f 432//685 423//685 422//685
f 432//686 424//686 423//686
f 432//687 425//687 424//687
f 432//688 426//688 425//688
f 432//689 427//689 426//689
f 432//690 428//690 427//690
f 432//691 429//691 428//691
f 432//692 430//692 429//692
f 432//693 431//693 430//693
f 432//694 422//694 431//694
f 441//707 442//707 452//707
f 441//708 452//708 451//708
f 442//709 443//709 453//709
f 442//710 453//710 452//710
f 443//711 444//711 454//711
f 443//712 454//712 453//712
f 444//713 445//713 455//713
f 444//714 455//714 454//714
f 445//715 446//715 456//715
f 445//716 456//716 455//716
f 446//717 447//717 457//717
f 446//718 457//718 456//718
f 447//719 448//719 458//719
f 447//720 458//720 457//720
f 448//721 449//721 459//721
f 448//722 459//722 458//722
f 449//723 450//723 460//723
f 449//724 460//724 459//724
f 450//725 441//725 451//725
f 450//726 451//726 460//726
f 461//727 442//727 441//727
f 462//728 451//728 452//728
f 461//729 443//729 442//729
f 462//730 452//730 453//730
f 461//731 444//731 443//731
f 462//732 453//732 454//732
f 461//733 445//733 444//733
f 462//734 454//734 455//734
f 461//735 446//735 445//735
f 462//736 455//736 456//736
f 461//737 447//737 446//737
f 462//738 456//738 457//738
f 461//739 448//739 447//739
f 462//740 457//740 458//740
f 461//741 449//741 448//741
f 462//742 458//742 459//742
f 461//743 450//743 449//743
f 462//744 459//744 460//744
f 461//745 441//745 450//745
f 462//746 460//746 451//746
f 485//787 486//787 487//787
f 485//788 487//788 488//788
f 485//789 488//789 489//789
f 485//790 489//790 490//790
f 485//791 490//791 491//791
f 485//792 491//792 492//792
f 485//793 492//793 493//793
f 485//794 493//794 494//794
f 485//795 494//795 495//795
f 485//796 495//796 486//796
f 486//797 496//797 497//797
f 486//798 497//798 487//798
f 487//799 497//799 498//799
f 487//800 498//800 488//800
f 488//801 498//801 499//801
f 488//802 499//802 489//802
f 489//803 499//803 500//803
f 489//804 500//804 490//804
f 490//805 500//805 501//805
f 490//806 501//806 491//806
f 491//807 501//807 502//807
f 491//808 502//808 492//808
f 492//809 502//809 503//809
f 492//810 503//810 493//810
f 493//811 503//811 504//811
f 493//812 504//812 494//812
f 494//813 504//813 505//813
f 494//814 505//814 495//814
f 495//815 505//815 496//815
f 495//816 496//816 486//816
f 496//817 506//817 507//817
f 496//818 507//818 497//818
f 497//819 507//819 508//819
f 497//820 508//820 498//820
f 498//821 508//821 509//821
f 498//822 509//822 499//822
f 499//823 509//823 510//823
f 499//824 510//824 500//824
f 500//825 510//825 511//825
f 500//826 511//826 501//826
f 501//827 511//827 512//827
f 501//828 512//828 502//828
f 502//829 512//829 513//829
f 502//830 513//830 503//830
f 503//831 513//831 514//831
f 503//832 514//832 504//832
f 504//833 514//833 515//833
f 504//834 515//834 505//834
f 505//835 515//835 506//835
f 505//836 506//836 496//836
f 506//837 516//837 517//837
f 506//838 517//838 507//838
f 507//839 517//839 518//839
f 507//840 518//840 508//840
f 508//841 518//841 519//841
f 508//842 519//842 509//842
f 509//843 519//843 520//843
f 509//844 520//844 510//844
f 510//845 520//845 521//845
f 510//846 521//846 511//846
f 511//847 521//847 522//847
f 511//848 522//848 512//848
f 512//849 522//849 523//849
f 512//850 523//850 513//850
f 513//851 523//851 524//851
f 513//852 524//852 514//852
f 514//853 524//853 525//853
f 514//854 525//854 515//854
f 515//855 525//855 516//855
f 515//856 516//856 506//856
f 526//857 517//857 516//857
f 526//858 518//858 517//858
f 526//859 519//859 518//859
f 526//860 520//860 519//860
f 526//861 521//861 520//861
f 526//862 522//862 521//862
f 526//863 523//863 522//863
f 526//864 524//864 523//864
f 526//865 525//865 524//865
f 526//866 516//866 525//866
f 535//879 536//879 546//879
f 535//880 546//880 545//880
f 536//881 537//881 547//881
f 536//882 547//882 546//882
f 537//883 538//883 548//883
f 537//884 548//884 547//884
f 538//885 539//885 549//885
f 538//886 549//886 548//886
f 539//887 540//887 550//887
f 539//888 550//888 549//888
f 540//889 541//889 551//889
f 540//890 551//890 550//890
f 541//891 542//891 552//891
f 541//892 552//892 551//892
f 542//893 543//893 553//893
f 542//894 553//894 552//894
f 543//895 544//895 554//895
f 543//896 554//896 553//896
f 544//897 535//897 545//897
f 544//898 545//898 554//898
f 555//899 536//899 535//899
f 556//900 545//900 546//900
f 555//901 537//901 536//901
f 556//902 546//902 547//902
f 555//903 538//903 537//903
f 556//904 547//904 548//904
f 555//905 539//905 538//905
f 556//906 548//906 549//906
f 555//907 540//907 539//907
f 556//908 549//908 550//908
f 555//909 541//909 540//909
f 556//910 550//910 551//910
f 555//911 542//911 541//911
f 556//912 551//912 552//912
f 555//913 543//913 542//913
f 556//914 552//914 553//914
f 555//915 544//915 543//915
f 556//916 553//916 554//916
f 555//917 535//917 544//917
f 556//918 554//918 545//918
f 579//959 580//959 581//959
f 579//960 581//960 582//960
f 579//961 582//961 583//961
f 579//962 583//962 584//962
f 579//963 584//963 585//963
f 579//964 585//964 586//964
f 579//965 586//965 587//965
f 579//966 587//966 588//966
f 579//967 588//967 589//967
f 579//968 589//968 580//968
f 580//969 590//969 591//969
f 580//970 591//970 581//970
f 581//971 591//971 592//971
f 581//972 592//972 582//972
f 582//973 592//973 593//973
f 582//974 593//974 583//974
f 583//975 593//975 594//975
f 583//976 594//976 584//976
f 584//977 594//977 595//977
f 584//978 595//978 585//978
f 585//979 595//979 596//979
f 585//980 596//980 586//980
f 586//981 596//981 597//981
f 586//982 597//982 587//982
f 587//983 597//983 598//983
f 587//984 598//984 588//984
f 588//985 598//985 599//985
f 588//986 599//986 589//986
f 589//987 599//987 590//987
f 589//988 590//988 580//988
f 590//989 600//989 601//989
f 590//990 601//990 591//990
f 591//991 601//991 602//991
f 591//992 602//992 592//992
f 592//993 602//993 603//993
f 592//994 603//994 593//994
f 593//995 603//995 604//995
f 593//996 604//996 594//996
f 594//997 604//997 605//997
f 594//998 605//998 595//998
f 595//999 605//999 606//999
f 595//1000 606//1000 596//1000
f 596//1001 606//1001 607//1001
f 596//1002 607//1002 597//1002
f 597//1003 607//1003 608//1003
f 597//1004 608//1004 598//1004
f 598//1005 608//1005 609//1005
f 598//1006 609//1006 599//1006
f 599//1007 609//1007 600//1007
f 599//1008 600//1008 590//1008
f 600//1009 610//1009 611//1009
f 600//1010 611//1010 601//1010
f 601//1011 611//1011 612//1011
f 601//1012 612//1012 602//1012
f 602//1013 612//1013 613//1013
f 602//1014 613//1014 603//1014
f 603//1015 613//1015 614//1015
f 603//1016 614//1016 604//1016
f 604//1017 614//1017 615//1017
f 604//1018 615//1018 605//1018
f 605//1019 615//1019 616//1019
f 605//1020 616//1020 606//1020
f 606//1021 616//1021 617//1021
f 606//1022 617//1022 607//1022
f 607//1023 617//1023 618//1023
f 607//1024 618//1024 608//1024
f 608//1025 618//1025 619//1025
f 608//1026 619//1026 609//1026
f 609//1027 619//1027 610//1027
f 609//1028 610//1028 600//1028
f 620//1029 611//1029 610//1029
f 620//1030 612//1030 611//1030
f 620//1031 613//1031 612//1031
f 620//1032 614//1032 613//1032
f 620//1033 615//1033 614//1033
f 620//1034 616//1034 615//1034
f 620//1035 617//1035 616//1035
f 620//1036 618//1036 617//1036
f 620//1037 619//1037 618//1037
f 620//1038 610//1038 619//1038

usemtl mat_c42834
f 275//403 276//403 286//403
f 275//404 286//404 285//404
f 276//405 277//405 287//405
f 276//406 287//406 286//406
f 277//407 278//407 288//407
f 277//408 288//408 287//408
f 278//409 279//409 289//409
f 278//410 289//410 288//410
f 279//411 280//411 290//411
f 279//412 290//412 289//412
f 280//413 281//413 291//413
f 280//414 291//414 290//414
f 281//415 282//415 292//415
f 281//416 292//416 291//416
f 282//417 283//417 293//417
f 282//418 293//418 292//418
f 283//419 284//419 294//419
f 283//420 294//420 293//420
f 284//421 275//421 285//421
f 284//422 285//422 294//422
f 295//423 276//423 275//423
f 296//424 285//424 286//424
f 295//425 277//425 276//425
f 296//426 286//426 287//426
f 295//427 278//427 277//427
f 296//428 287//428 288//428
f 295//429 279//429 278//429
f 296//430 288//430 289//430
f 295//431 280//431 279//431
f 296//432 289//432 290//432
f 295//433 281//433 280//433
f 296//434 290//434 291//434
f 295//435 282//435 281//435
f 296//436 291//436 292//436
f 295//437 283//437 282//437
f 296//438 292//438 293//438
f 295//439 284//439 283//439
f 296//440 293//440 294//440
f 295//441 275//441 284//441
f 296//442 294//442 285//442
f 463//747 464//747 474//747
f 463//748 474//748 473//748
f 464//749 465//749 475//749
f 464//750 475//750 474//750
f 465//751 466//751 476//751
f 465//752 476//752 475//752
f 466//753 467//753 477//753
f 466//754 477//754 476//754
f 467//755 468//755 478//755
f 467//756 478//756 477//756
f 468//757 469//757 479//757
f 468//758 479//758 478//758
f 469//759 470//759 480//759
f 469//760 480//760 479//760
f 470//761 471//761 481//761
f 470//762 481//762 480//762
f 471//763 472//763 482//763
f 471//764 482//764 481//764
f 472//765 463//765 473//765
f 472//766 473//766 482//766
f 483//767 464//767 463//767
f 484//768 473//768 474//768
f 483//769 465//769 464//769
f 484//770 474//770 475//770
f 483//771 466//771 465//771
f 484//772 475//772 476//772
f 483//773 467//773 466//773
f 484//774 476//774 477//774
f 483//775 468//775 467//775
f 484//776 477//776 478//776
f 483//777 469//777 468//777
f 484//778 478//778 479//778
f 483//779 470//779 469//779
f 484//780 479//780 480//780
f 483//781 471//781 470//781
f 484//782 480//782 481//782
f 483//783 472//783 471//783
f 484//784 481//784 482//784
f 483//785 463//785 472//785
f 484//786 482//786 473//786

usemtl mat_2c4eb0
f 369//575 370//575 380//575
f 369//576 380//576 379//576
f 370//577 371//577 381//577
f 370//578 381//578 380//578
f 371//579 372//579 382//579
f 371//580 382//580 381//580
f 372//581 373//581 383//581
f 372//582 383//582 382//582
f 373//583 374//583 384//583
f 373//584 384//584 383//584
f 374//585 375//585 385//585
f 374//586 385//586 384//586
f 375//587 376//587 386//587
f 375//588 386//588 385//588
f 376//589 377//589 387//589
f 376//590 387//590 386//590
f 377//591 378//591 388//591
f 377//592 388//592 387//592
f 378//593 369//593 379//593
f 378//594 379//594 388//594
f 389//595 370//595 369//595
f 390//596 379//596 380//596
f 389//597 371//597 370//597
f 390//598 380//598 381//598
f 389//599 372//599 371//599
f 390//600 381//600 382//600
f 389//601 373//601 372//601
f 390//602 382//602 383//602
f 389//603 374//603 373//603
f 390//604 383//604 384//604
f 389//605 375//605 374//605
f 390//606 384//606 385//606
f 389//607 376//607 375//607
f 390//608 385//608 386//608
f 389//609 377//609 376//609
f 390//610 386//610 387//610
f 389//611 378//611 377//611
f 390//612 387//612 388//612
f 389//613 369//613 378//613
f 390//614 388//614 379//614
f 557//919 558//919 568//919
f 557//920 568//920 567//920
f 558//921 559//921 569//921
f 558//922 569//922 568//922
f 559//923 560//923 570//923
f 559//924 570//924 569//924
f 560//925 561//925 571//925
f 560//926 571//926 570//926
f 561//927 562//927 572//927
f 561//928 572//928 571//928
f 562//929 563//929 573//929
f 562//930 573//930 572//930
f 563//931 564//931 574//931
f 563//932 574//932 573//932
f 564//933 565//933 575//933
f 564//934 575//934 574//934
f 565//935 566//935 576//935
f 565//936 576//936 575//936
f 566//937 557//937 567//937
f 566//938 567//938 576//938
f 577//939 558//939 557//939
f 578//940 567//940 568//940
f 577//941 559//941 558//941
f 578//942 568//942 569//942
f 577//943 560//943 559//943
f 578//944 569//944 570//944
f 577//945 561//945 560//945
f 578//946 570//946 571//946
f 577//947 562//947 561//947
f 578//948 571//948 572//948
f 577//949 563//949 562//949
f 578//950 572//950 573//950
f 577//951 564//951 563//951
f 578//952 573//952 574//952
f 577//953 565//953 564//953
f 578//954 574//954 575//954
f 577//955 566//955 565//955
f 578//956 575//956 576//956
f 577//957 557//957 566//957
f 578//958 576//958 567//958

usemtl mat_e8e8ec
f 629//1051 630//1051 635//1051
f 629//1052 635//1052 634//1052
f 630//1053 631//1053 636//1053
f 630//1054 636//1054 635//1054
f 631//1055 632//1055 637//1055
f 631//1056 637//1056 636//1056
f 632//1057 633//1057 638//1057
f 632//1058 638//1058 637//1058
f 633//1059 629//1059 634//1059
f 633//1060 634//1060 638//1060
f 639//1061 640//1061 645//1061
f 639//1062 645//1062 644//1062
f 640//1063 641//1063 646//1063
f 640//1064 646//1064 645//1064
f 641//1065 642//1065 647//1065
f 641//1066 647//1066 646//1066
f 642//1067 643//1067 648//1067
f 642//1068 648//1068 647//1068
f 643//1069 639//1069 644//1069
f 643//1070 644//1070 648//1070
f 669//1091 670//1091 675//1091
f 669//1092 675//1092 674//1092
f 670//1093 671//1093 676//1093
f 670//1094 676//1094 675//1094
f 671//1095 672//1095 677//1095
f 671//1096 677//1096 676//1096
f 672//1097 673//1097 678//1097
f 672//1098 678//1098 677//1098
f 673//1099 669//1099 674//1099
f 673//1100 674//1100 678//1100
f 679//1101 680//1101 685//1101
f 679//1102 685//1102 684//1102
f 680//1103 681//1103 686//1103
f 680//1104 686//1104 685//1104
f 681//1105 682//1105 687//1105
f 681//1106 687//1106 686//1106
f 682//1107 683//1107 688//1107
f 682//1108 688//1108 687//1108
f 683//1109 679//1109 684//1109
f 683//1110 684//1110 688//1110
f 709//1131 710//1131 715//1131
f 709//1132 715//1132 714//1132
f 710//1133 711//1133 716//1133
f 710//1134 716//1134 715//1134
f 711//1135 712//1135 717//1135
f 711//1136 717//1136 716//1136
f 712//1137 713//1137 718//1137
f 712//1138 718//1138 717//1138
f 713//1139 709//1139 714//1139
f 713//1140 714//1140 718//1140
f 719//1141 720//1141 725//1141
f 719//1142 725//1142 724//1142
f 720//1143 721//1143 726//1143
f 720//1144 726//1144 725//1144
f 721//1145 722//1145 727//1145
f 721//1146 727//1146 726//1146
f 722//1147 723//1147 728//1147
f 722//1148 728//1148 727//1148
f 723//1149 719//1149 724//1149
f 723//1150 724//1150 728//1150
f 749//1171 750//1171 755//1171
f 749//1172 755//1172 754//1172
f 750//1173 751//1173 756//1173
f 750//1174 756//1174 755//1174
f 751//1175 752//1175 757//1175
f 751//1176 757//1176 756//1176
f 752//1177 753//1177 758//1177
f 752//1178 758//1178 757//1178
f 753//1179 749//1179 754//1179
f 753//1180 754//1180 758//1180
f 759//1181 760//1181 765//1181
f 759//1182 765//1182 764//1182
f 760//1183 761//1183 766//1183
f 760//1184 766//1184 765//1184
f 761//1185 762//1185 767//1185
f 761//1186 767//1186 766//1186
f 762//1187 763//1187 768//1187
f 762//1188 768//1188 767//1188
f 763//1189 759//1189 764//1189
f 763//1190 764//1190 768//1190
f 789//1211 790//1211 795//1211
f 789//1212 795//1212 794//1212
f 790//1213 791//1213 796//1213
f 790//1214 796//1214 795//1214
f 791//1215 792//1215 797//1215
f 791//1216 797//1216 796//1216
f 792//1217 793//1217 798//1217
f 792//1218 798//1218 797//1218
f 793//1219 789//1219 794//1219
f 793//1220 794//1220 798//1220
f 799//1221 800//1221 805//1221
f 799//1222 805//1222 804//1222
f 800//1223 801//1223 806//1223
f 800//1224 806//1224 805//1224
f 801//1225 802//1225 807//1225
f 801//1226 807//1226 806//1226
f 802//1227 803//1227 808//1227
f 802//1228 808//1228 807//1228
f 803//1229 799//1229 804//1229
f 803//1230 804//1230 808//1230
f 829//1251 830//1251 835//1251
f 829//1252 835//1252 834//1252
f 830//1253 831//1253 836//1253
f 830//1254 836//1254 835//1254
f 831//1255 832//1255 837//1255
f 831//1256 837//1256 836//1256
f 832//1257 833//1257 838//1257
f 832//1258 838//1258 837//1258
f 833//1259 829//1259 834//1259
f 833//1260 834//1260 838//1260
f 839//1261 840//1261 845//1261
f 839//1262 845//1262 844//1262
f 840//1263 841//1263 846//1263
f 840//1264 846//1264 845//1264
f 841//1265 842//1265 847//1265
f 841//1266 847//1266 846//1266
f 842//1267 843//1267 848//1267
f 842//1268 848//1268 847//1268
f 843//1269 839//1269 844//1269
f 843//1270 844//1270 848//1270
f 869//1291 870//1291 875//1291
f 869//1292 875//1292 874//1292
f 870//1293 871//1293 876//1293
f 870//1294 876//1294 875//1294
f 871//1295 872//1295 877//1295
f 871//1296 877//1296 876//1296
f 872//1297 873//1297 878//1297
f 872//1298 878//1298 877//1298
f 873//1299 869//1299 874//1299
f 873//1300 874//1300 878//1300
f 879//1301 880//1301 885//1301
f 879//1302 885//1302 884//1302
f 880//1303 881//1303 886//1303
f 880//1304 886//1304 885//1304
f 881//1305 882//1305 887//1305
f 881//1306 887//1306 886//1306
f 882//1307 883//1307 888//1307
f 882//1308 888//1308 887//1308
f 883//1309 879//1309 884//1309
f 883//1310 884//1310 888//1310
f 909//1331 910//1331 915//1331
f 909//1332 915//1332 914//1332
f 910//1333 911//1333 916//1333
f 910//1334 916//1334 915//1334
f 911//1335 912//1335 917//1335
f 911//1336 917//1336 916//1336
f 912//1337 913//1337 918//1337
f 912//1338 918//1338 917//1338
f 913//1339 909//1339 914//1339
f 913//1340 914//1340 918//1340
f 919//1341 920//1341 925//1341
f 919//1342 925//1342 924//1342
f 920//1343 921//1343 926//1343
f 920//1344 926//1344 925//1344
f 921//1345 922//1345 927//1345
f 921//1346 927//1346 926//1346
f 922//1347 923//1347 928//1347
f 922//1348 928//1348 927//1348
f 923//1349 919//1349 924//1349
f 923//1350 924//1350 928//1350
f 949//1371 950//1371 955//1371
f 949//1372 955//1372 954//1372
f 950//1373 951//1373 956//1373
f 950//1374 956//1374 955//1374
f 951//1375 952//1375 957//1375
f 951//1376 957//1376 956//1376
f 952//1377 953//1377 958//1377
f 952//1378 958//1378 957//1378
f 953//1379 949//1379 954//1379
f 953//1380 954//1380 958//1380
f 959//1381 960//1381 965//1381
f 959//1382 965//1382 964//1382
f 960//1383 961//1383 966//1383
f 960//1384 966//1384 965//1384
f 961//1385 962//1385 967//1385
f 961//1386 967//1386 966//1386
f 962//1387 963//1387 968//1387
f 962//1388 968//1388 967//1388
f 963//1389 959//1389 964//1389
f 963//1390 964//1390 968//1390
f 989//1411 990//1411 995//1411
f 989//1412 995//1412 994//1412
f 990//1413 991//1413 996//1413
f 990//1414 996//1414 995//1414
f 991//1415 992//1415 997//1415
f 991//1416 997//1416 996//1416
f 992//1417 993//1417 998//1417
f 992//1418 998//1418 997//1418
f 993//1419 989//1419 994//1419
f 993//1420 994//1420 998//1420
f 999//1421 1000//1421 1005//1421
f 999//1422 1005//1422 1004//1422
f 1000//1423 1001//1423 1006//1423
f 1000//1424 1006//1424 1005//1424
f 1001//1425 1002//1425 1007//1425
f 1001//1426 1007//1426 1006//1426
f 1002//1427 1003//1427 1008//1427
f 1002//1428 1008//1428 1007//1428
f 1003//1429 999//1429 1004//1429
f 1003//1430 1004//1430 1008//1430
f 1029//1451 1030//1451 1035//1451
f 1029//1452 1035//1452 1034//1452
f 1030//1453 1031//1453 1036//1453
f 1030//1454 1036//1454 1035//1454
f 1031//1455 1032//1455 1037//1455
f 1031//1456 1037//1456 1036//1456
f 1032//1457 1033//1457 1038//1457
f 1032//1458 1038//1458 1037//1458
f 1033//1459 1029//1459 1034//1459
f 1033//1460 1034//1460 1038//1460
f 1039//1461 1040//1461 1045//1461
f 1039//1462 1045//1462 1044//1462
f 1040//1463 1041//1463 1046//1463
f 1040//1464 1046//1464 1045//1464
f 1041//1465 1042//1465 1047//1465
f 1041//1466 1047//1466 1046//1466
f 1042//1467 1043//1467 1048//1467
f 1042//1468 1048//1468 1047//1468
f 1043//1469 1039//1469 1044//1469
f 1043//1470 1044//1470 1048//1470
f 1069//1491 1070//1491 1075//1491
f 1069//1492 1075//1492 1074//1492
f 1070//1493 1071//1493 1076//1493
f 1070//1494 1076//1494 1075//1494
f 1071//1495 1072//1495 1077//1495
f 1071//1496 1077//1496 1076//1496
f 1072//1497 1073//1497 1078//1497
f 1072//1498 1078//1498 1077//1498
f 1073//1499 1069//1499 1074//1499
f 1073//1500 1074//1500 1078//1500
f 1079//1501 1080//1501 1085//1501
f 1079//1502 1085//1502 1084//1502
f 1080//1503 1081//1503 1086//1503
f 1080//1504 1086//1504 1085//1504
f 1081//1505 1082//1505 1087//1505
f 1081//1506 1087//1506 1086//1506
f 1082//1507 1083//1507 1088//1507
f 1082//1508 1088//1508 1087//1508
f 1083//1509 1079//1509 1084//1509
f 1083//1510 1084//1510 1088//1510
f 1109//1531 1110//1531 1115//1531
f 1109//1532 1115//1532 1114//1532
f 1110//1533 1111//1533 1116//1533
f 1110//1534 1116//1534 1115//1534
f 1111//1535 1112//1535 1117//1535
f 1111//1536 1117//1536 1116//1536
f 1112//1537 1113//1537 1118//1537
f 1112//1538 1118//1538 1117//1538
f 1113//1539 1109//1539 1114//1539
f 1113//1540 1114//1540 1118//1540
f 1119//1541 1120//1541 1125//1541
f 1119//1542 1125//1542 1124//1542
f 1120//1543 1121//1543 1126//1543
f 1120//1544 1126//1544 1125//1544
f 1121//1545 1122//1545 1127//1545
f 1121//1546 1127//1546 1126//1546
f 1122//1547 1123//1547 1128//1547
f 1122//1548 1128//1548 1127//1548
f 1123//1549 1119//1549 1124//1549
f 1123//1550 1124//1550 1128//1550
f 1149//1571 1150//1571 1155//1571
f 1149//1572 1155//1572 1154//1572
f 1150//1573 1151//1573 1156//1573
f 1150//1574 1156//1574 1155//1574
f 1151//1575 1152//1575 1157//1575
f 1151//1576 1157//1576 1156//1576
f 1152//1577 1153//1577 1158//1577
f 1152//1578 1158//1578 1157//1578
f 1153//1579 1149//1579 1154//1579
f 1153//1580 1154//1580 1158//1580
f 1159//1581 1160//1581 1165//1581
f 1159//1582 1165//1582 1164//1582
f 1160//1583 1161//1583 1166//1583
f 1160//1584 1166//1584 1165//1584
f 1161//1585 1162//1585 1167//1585
f 1161//1586 1167//1586 1166//1586
f 1162//1587 1163//1587 1168//1587
f 1162//1588 1168//1588 1167//1588
f 1163//1589 1159//1589 1164//1589
f 1163//1590 1164//1590 1168//1590
f 1189//1611 1190//1611 1195//1611
f 1189//1612 1195//1612 1194//1612
f 1190//1613 1191//1613 1196//1613
f 1190//1614 1196//1614 1195//1614
f 1191//1615 1192//1615 1197//1615
f 1191//1616 1197//1616 1196//1616
f 1192//1617 1193//1617 1198//1617
f 1192//1618 1198//1618 1197//1618
f 1193//1619 1189//1619 1194//1619
f 1193//1620 1194//1620 1198//1620
f 1199//1621 1200//1621 1205//1621
f 1199//1622 1205//1622 1204//1622
f 1200//1623 1201//1623 1206//1623
f 1200//1624 1206//1624 1205//1624
f 1201//1625 1202//1625 1207//1625
f 1201//1626 1207//1626 1206//1626
f 1202//1627 1203//1627 1208//1627
f 1202//1628 1208//1628 1207//1628
f 1203//1629 1199//1629 1204//1629
f 1203//1630 1204//1630 1208//1630
f 1229//1651 1230//1651 1235//1651
f 1229//1652 1235//1652 1234//1652
f 1230//1653 1231//1653 1236//1653
f 1230//1654 1236//1654 1235//1654
f 1231//1655 1232//1655 1237//1655
f 1231//1656 1237//1656 1236//1656
f 1232//1657 1233//1657 1238//1657
f 1232//1658 1238//1658 1237//1658
f 1233//1659 1229//1659 1234//1659
f 1233//1660 1234//1660 1238//1660
f 1239//1661 1240//1661 1245//1661
f 1239//1662 1245//1662 1244//1662
f 1240//1663 1241//1663 1246//1663
f 1240//1664 1246//1664 1245//1664
f 1241//1665 1242//1665 1247//1665
f 1241//1666 1247//1666 1246//1666
f 1242//1667 1243//1667 1248//1667
f 1242//1668 1248//1668 1247//1668
f 1243//1669 1239//1669 1244//1669
f 1243//1670 1244//1670 1248//1670

usemtl mat_ce2e38
f 649//1071 650//1071 655//1071
f 649//1072 655//1072 654//1072
f 650//1073 651//1073 656//1073
f 650//1074 656//1074 655//1074
f 651//1075 652//1075 657//1075
f 651//1076 657//1076 656//1076
f 652//1077 653//1077 658//1077
f 652//1078 658//1078 657//1078
f 653//1079 649//1079 654//1079
f 653//1080 654//1080 658//1080
f 659//1081 660//1081 665//1081
f 659//1082 665//1082 664//1082
f 660//1083 661//1083 666//1083
f 660//1084 666//1084 665//1084
f 661//1085 662//1085 667//1085
f 661//1086 667//1086 666//1086
f 662//1087 663//1087 668//1087
f 662//1088 668//1088 667//1088
f 663//1089 659//1089 664//1089
f 663//1090 664//1090 668//1090
f 689//1111 690//1111 695//1111
f 689//1112 695//1112 694//1112
f 690//1113 691//1113 696//1113
f 690//1114 696//1114 695//1114
f 691//1115 692//1115 697//1115
f 691//1116 697//1116 696//1116
f 692//1117 693//1117 698//1117
f 692//1118 698//1118 697//1118
f 693//1119 689//1119 694//1119
f 693//1120 694//1120 698//1120
f 699//1121 700//1121 705//1121
f 699//1122 705//1122 704//1122
f 700//1123 701//1123 706//1123
f 700//1124 706//1124 705//1124
f 701//1125 702//1125 707//1125
f 701//1126 707//1126 706//1126
f 702//1127 703//1127 708//1127
f 702//1128 708//1128 707//1128
f 703//1129 699//1129 704//1129
f 703//1130 704//1130 708//1130
f 729//1151 730//1151 735//1151
f 729//1152 735//1152 734//1152
f 730//1153 731//1153 736//1153
f 730//1154 736//1154 735//1154
f 731//1155 732//1155 737//1155
f 731//1156 737//1156 736//1156
f 732//1157 733//1157 738//1157
f 732//1158 738//1158 737//1158
f 733//1159 729//1159 734//1159
f 733//1160 734//1160 738//1160
f 739//1161 740//1161 745//1161
f 739//1162 745//1162 744//1162
f 740//1163 741//1163 746//1163
f 740//1164 746//1164 745//1164
f 741//1165 742//1165 747//1165
f 741//1166 747//1166 746//1166
f 742//1167 743//1167 748//1167
f 742//1168 748//1168 747//1168
f 743//1169 739//1169 744//1169
f 743//1170 744//1170 748//1170
f 769//1191 770//1191 775//1191
f 769//1192 775//1192 774//1192
f 770//1193 771//1193 776//1193
f 770//1194 776//1194 775//1194
f 771//1195 772//1195 777//1195
f 771//1196 777//1196 776//1196
f 772//1197 773//1197 778//1197
f 772//1198 778//1198 777//1198
f 773//1199 769//1199 774//1199
f 773//1200 774//1200 778//1200
f 779//1201 780//1201 785//1201
f 779//1202 785//1202 784//1202
f 780//1203 781//1203 786//1203
f 780//1204 786//1204 785//1204
f 781//1205 782//1205 787//1205
f 781//1206 787//1206 786//1206
f 782//1207 783//1207 788//1207
f 782//1208 788//1208 787//1208
f 783//1209 779//1209 784//1209
f 783//1210 784//1210 788//1210
f 809//1231 810//1231 815//1231
f 809//1232 815//1232 814//1232
f 810//1233 811//1233 816//1233
f 810//1234 816//1234 815//1234
f 811//1235 812//1235 817//1235
f 811//1236 817//1236 816//1236
f 812//1237 813//1237 818//1237
f 812//1238 818//1238 817//1238
f 813//1239 809//1239 814//1239
f 813//1240 814//1240 818//1240
f 819//1241 820//1241 825//1241
f 819//1242 825//1242 824//1242
f 820//1243 821//1243 826//1243
f 820//1244 826//1244 825//1244
f 821//1245 822//1245 827//1245
f 821//1246 827//1246 826//1246
f 822//1247 823//1247 828//1247
f 822//1248 828//1248 827//1248
f 823//1249 819//1249 824//1249
f 823//1250 824//1250 828//1250
f 849//1271 850//1271 855//1271
f 849//1272 855//1272 854//1272
f 850//1273 851//1273 856//1273
f 850//1274 856//1274 855//1274
f 851//1275 852//1275 857//1275
f 851//1276 857//1276 856//1276
f 852//1277 853//1277 858//1277
f 852//1278 858//1278 857//1278
f 853//1279 849//1279 854//1279
f 853//1280 854//1280 858//1280
f 859//1281 860//1281 865//1281
f 859//1282 865//1282 864//1282
f 860//1283 861//1283 866//1283
f 860//1284 866//1284 865//1284
f 861//1285 862//1285 867//1285
f 861//1286 867//1286 866//1286
f 862//1287 863//1287 868//1287
f 862//1288 868//1288 867//1288
f 863//1289 859//1289 864//1289
f 863//1290 864//1290 868//1290
f 889//1311 890//1311 895//1311
f 889//1312 895//1312 894//1312
f 890//1313 891//1313 896//1313
f 890//1314 896//1314 895//1314
f 891//1315 892//1315 897//1315
f 891//1316 897//1316 896//1316
f 892//1317 893//1317 898//1317
f 892//1318 898//1318 897//1318
f 893//1319 889//1319 894//1319
f 893//1320 894//1320 898//1320
f 899//1321 900//1321 905//1321
f 899//1322 905//1322 904//1322
f 900//1323 901//1323 906//1323
f 900//1324 906//1324 905//1324
f 901//1325 902//1325 907//1325
f 901//1326 907//1326 906//1326
f 902//1327 903//1327 908//1327
f 902//1328 908//1328 907//1328
f 903//1329 899//1329 904//1329
f 903//1330 904//1330 908//1330
f 929//1351 930//1351 935//1351
f 929//1352 935//1352 934//1352
f 930//1353 931//1353 936//1353
f 930//1354 936//1354 935//1354
f 931//1355 932//1355 937//1355
f 931//1356 937//1356 936//1356
f 932//1357 933//1357 938//1357
f 932//1358 938//1358 937//1358
f 933//1359 929//1359 934//1359
f 933//1360 934//1360 938//1360
f 939//1361 940//1361 945//1361
f 939//1362 945//1362 944//1362
f 940//1363 941//1363 946//1363
f 940//1364 946//1364 945//1364
f 941//1365 942//1365 947//1365
f 941//1366 947//1366 946//1366
f 942//1367 943//1367 948//1367
f 942//1368 948//1368 947//1368
f 943//1369 939//1369 944//1369
f 943//1370 944//1370 948//1370
f 969//1391 970//1391 975//1391
f 969//1392 975//1392 974//1392
f 970//1393 971//1393 976//1393
f 970//1394 976//1394 975//1394
f 971//1395 972//1395 977//1395
f 971//1396 977//1396 976//1396
f 972//1397 973//1397 978//1397
f 972//1398 978//1398 977//1398
f 973//1399 969//1399 974//1399
f 973//1400 974//1400 978//1400
f 979//1401 980//1401 985//1401
f 979//1402 985//1402 984//1402
f 980//1403 981//1403 986//1403
f 980//1404 986//1404 985//1404
f 981//1405 982//1405 987//1405
f 981//1406 987//1406 986//1406
f 982//1407 983//1407 988//1407
f 982//1408 988//1408 987//1408
f 983//1409 979//1409 984//1409
f 983//1410 984//1410 988//1410
f 1009//1431 1010//1431 1015//1431
f 1009//1432 1015//1432 1014//1432
f 1010//1433 1011//1433 1016//1433
f 1010//1434 1016//1434 1015//1434
f 1011//1435 1012//1435 1017//1435
f 1011//1436 1017//1436 1016//1436
f 1012//1437 1013//1437 1018//1437
f 1012//1438 1018//1438 1017//1438
f 1013//1439 1009//1439 1014//1439
f 1013//1440 1014//1440 1018//1440
f 1019//1441 1020//1441 1025//1441
f 1019//1442 1025//1442 1024//1442
f 1020//1443 1021//1443 1026//1443
f 1020//1444 1026//1444 1025//1444
f 1021//1445 1022//1445 1027//1445
f 1021//1446 1027//1446 1026//1446
f 1022//1447 1023//1447 1028//1447
f 1022//1448 1028//1448 1027//1448
f 1023//1449 1019//1449 1024//1449
f 1023//1450 1024//1450 1028//1450
f 1049//1471 1050//1471 1055//1471
f 1049//1472 1055//1472 1054//1472
f 1050//1473 1051//1473 1056//1473
f 1050//1474 1056//1474 1055//1474
f 1051//1475 1052//1475 1057//1475
f 1051//1476 1057//1476 1056//1476
f 1052//1477 1053//1477 1058//1477
f 1052//1478 1058//1478 1057//1478
f 1053//1479 1049//1479 1054//1479
f 1053//1480 1054//1480 1058//1480
f 1059//1481 1060//1481 1065//1481
f 1059//1482 1065//1482 1064//1482
f 1060//1483 1061//1483 1066//1483
f 1060//1484 1066//1484 1065//1484
f 1061//1485 1062//1485 1067//1485
f 1061//1486 1067//1486 1066//1486
f 1062//1487 1063//1487 1068//1487
f 1062//1488 1068//1488 1067//1488
f 1063//1489 1059//1489 1064//1489
f 1063//1490 1064//1490 1068//1490
f 1089//1511 1090//1511 1095//1511
f 1089//1512 1095//1512 1094//1512
f 1090//1513 1091//1513 1096//1513
f 1090//1514 1096//1514 1095//1514
f 1091//1515 1092//1515 1097//1515
f 1091//1516 1097//1516 1096//1516
f 1092//1517 1093//1517 1098//1517
f 1092//1518 1098//1518 1097//1518
f 1093//1519 1089//1519 1094//1519
f 1093//1520 1094//1520 1098//1520
f 1099//1521 1100//1521 1105//1521
f 1099//1522 1105//1522 1104//1522
f 1100//1523 1101//1523 1106//1523
f 1100//1524 1106//1524 1105//1524
f 1101//1525 1102//1525 1107//1525
f 1101//1526 1107//1526 1106//1526
f 1102//1527 1103//1527 1108//1527
f 1102//1528 1108//1528 1107//1528
f 1103//1529 1099//1529 1104//1529
f 1103//1530 1104//1530 1108//1530
f 1129//1551 1130//1551 1135//1551
f 1129//1552 1135//1552 1134//1552
f 1130//1553 1131//1553 1136//1553
f 1130//1554 1136//1554 1135//1554
f 1131//1555 1132//1555 1137//1555
f 1131//1556 1137//1556 1136//1556
f 1132//1557 1133//1557 1138//1557
f 1132//1558 1138//1558 1137//1558
f 1133//1559 1129//1559 1134//1559
f 1133//1560 1134//1560 1138//1560
f 1139//1561 1140//1561 1145//1561
f 1139//1562 1145//1562 1144//1562
f 1140//1563 1141//1563 1146//1563
f 1140//1564 1146//1564 1145//1564
f 1141//1565 1142//1565 1147//1565
f 1141//1566 1147//1566 1146//1566
f 1142//1567 1143//1567 1148//1567
f 1142//1568 1148//1568 1147//1568
f 1143//1569 1139//1569 1144//1569
f 1143//1570 1144//1570 1148//1570
f 1169//1591 1170//1591 1175//1591
f 1169//1592 1175//1592 1174//1592
f 1170//1593 1171//1593 1176//1593
f 1170//1594 1176//1594 1175//1594
f 1171//1595 1172//1595 1177//1595
f 1171//1596 1177//1596 1176//1596
f 1172//1597 1173//1597 1178//1597
f 1172//1598 1178//1598 1177//1598
f 1173//1599 1169//1599 1174//1599
f 1173//1600 1174//1600 1178//1600
f 1179//1601 1180//1601 1185//1601
f 1179//1602 1185//1602 1184//1602
f 1180//1603 1181//1603 1186//1603
f 1180//1604 1186//1604 1185//1604
f 1181//1605 1182//1605 1187//1605
f 1181//1606 1187//1606 1186//1606
f 1182//1607 1183//1607 1188//1607
f 1182//1608 1188//1608 1187//1608
f 1183//1609 1179//1609 1184//1609
f 1183//1610 1184//1610 1188//1610
f 1209//1631 1210//1631 1215//1631
f 1209//1632 1215//1632 1214//1632
f 1210//1633 1211//1633 1216//1633
f 1210//1634 1216//1634 1215//1634
f 1211//1635 1212//1635 1217//1635
f 1211//1636 1217//1636 1216//1636
f 1212//1637 1213//1637 1218//1637
f 1212//1638 1218//1638 1217//1638
f 1213//1639 1209//1639 1214//1639
f 1213//1640 1214//1640 1218//1640
f 1219//1641 1220//1641 1225//1641
f 1219//1642 1225//1642 1224//1642
f 1220//1643 1221//1643 1226//1643
f 1220//1644 1226//1644 1225//1644
f 1221//1645 1222//1645 1227//1645
f 1221//1646 1227//1646 1226//1646
f 1222//1647 1223//1647 1228//1647
f 1222//1648 1228//1648 1227//1648
f 1223//1649 1219//1649 1224//1649
f 1223//1650 1224//1650 1228//1650
f 1249//1671 1250//1671 1255//1671
f 1249//1672 1255//1672 1254//1672
f 1250//1673 1251//1673 1256//1673
f 1250//1674 1256//1674 1255//1674
f 1251//1675 1252//1675 1257//1675
f 1251//1676 1257//1676 1256//1676
f 1252//1677 1253//1677 1258//1677
f 1252//1678 1258//1678 1257//1678
f 1253//1679 1249//1679 1254//1679
f 1253//1680 1254//1680 1258//1680
f 1259//1681 1260//1681 1265//1681
f 1259//1682 1265//1682 1264//1682
f 1260//1683 1261//1683 1266//1683
f 1260//1684 1266//1684 1265//1684
f 1261//1685 1262//1685 1267//1685
f 1261//1686 1267//1686 1266//1686
f 1262//1687 1263//1687 1268//1687
f 1262//1688 1268//1688 1267//1688
f 1263//1689 1259//1689 1264//1689
f 1263//1690 1264//1690 1268//1690
